ERROR - 2026-09-14 11:00:57 --> Error connecting to the database: mysqli_sql_exception: Access denied for user 'root'@'localhost' (using password: YES) in C:\Users\Harrold Gille\Downloads\codeigniter4-framework-v4.7.4-0-g67ead89\Code Igniter Project\Activity 2\system\Database\MySQLi\Connection.php:201
Stack trace:
#0 C:\Users\Harrold Gille\Downloads\codeigniter4-framework-v4.7.4-0-g67ead89\Code Igniter Project\Activity 2\system\Database\MySQLi\Connection.php(201): mysqli->real_connect('localhost', 'root', Object(SensitiveParameterValue), 'ci4', 3306, '', 0)
#1 C:\Users\Harrold Gille\Downloads\codeigniter4-framework-v4.7.4-0-g67ead89\Code Igniter Project\Activity 2\system\Database\BaseConnection.php(555): CodeIgniter\Database\MySQLi\Connection->connect(false)
#2 C:\Users\Harrold Gille\Downloads\codeigniter4-framework-v4.7.4-0-g67ead89\Code Igniter Project\Activity 2\system\Database\BaseConnection.php(795): CodeIgniter\Database\BaseConnection->initialize()
#3 C:\Users\Harrold Gille\Downloads\codeigniter4-framework-v4.7.4-0-g67ead89\Code Igniter Project\Activity 2\system\Database\BaseBuilder.php(1659): CodeIgniter\Database\BaseConnection->query('SELECT *\nFROM `...', Array, false)
#4 C:\Users\Harrold Gille\Downloads\codeigniter4-framework-v4.7.4-0-g67ead89\Code Igniter Project\Activity 2\system\Model.php(255): CodeIgniter\Database\BaseBuilder->get()
#5 C:\Users\Harrold Gille\Downloads\codeigniter4-framework-v4.7.4-0-g67ead89\Code Igniter Project\Activity 2\system\BaseModel.php(676): CodeIgniter\Model->doFindAll(0, 0)
#6 C:\Users\Harrold Gille\Downloads\codeigniter4-framework-v4.7.4-0-g67ead89\Code Igniter Project\Activity 2\app\Controllers\Customers.php(13): CodeIgniter\BaseModel->findAll()
#7 C:\Users\Harrold Gille\Downloads\codeigniter4-framework-v4.7.4-0-g67ead89\Code Igniter Project\Activity 2\system\CodeIgniter.php(974): App\Controllers\Customers->index()
#8 C:\Users\Harrold Gille\Downloads\codeigniter4-framework-v4.7.4-0-g67ead89\Code Igniter Project\Activity 2\system\CodeIgniter.php(520): CodeIgniter\CodeIgniter->runController(Object(App\Controllers\Customers))
#9 C:\Users\Harrold Gille\Downloads\codeigniter4-framework-v4.7.4-0-g67ead89\Code Igniter Project\Activity 2\system\CodeIgniter.php(363): CodeIgniter\CodeIgniter->handleRequest(NULL, Object(Config\Cache), false)
#10 C:\Users\Harrold Gille\Downloads\codeigniter4-framework-v4.7.4-0-g67ead89\Code Igniter Project\Activity 2\system\Boot.php(417): CodeIgniter\CodeIgniter->run()
#11 C:\Users\Harrold Gille\Downloads\codeigniter4-framework-v4.7.4-0-g67ead89\Code Igniter Project\Activity 2\system\Boot.php(68): CodeIgniter\Boot::runCodeIgniter(Object(CodeIgniter\CodeIgniter))
#12 C:\Users\Harrold Gille\Downloads\codeigniter4-framework-v4.7.4-0-g67ead89\Code Igniter Project\Activity 2\public\index.php(59): CodeIgniter\Boot::bootWeb(Object(Config\Paths))
#13 C:\Users\Harrold Gille\Downloads\codeigniter4-framework-v4.7.4-0-g67ead89\Code Igniter Project\Activity 2\system\rewrite.php(44): require_once('C:\\Users\\Harrol...')
#14 {main}

Next CodeIgniter\Database\Exceptions\DatabaseException: Access denied for user '****'@'localhost' (using password: YES) in C:\Users\Harrold Gille\Downloads\codeigniter4-framework-v4.7.4-0-g67ead89\Code Igniter Project\Activity 2\system\Database\MySQLi\Connection.php:231
Stack trace:
#0 C:\Users\Harrold Gille\Downloads\codeigniter4-framework-v4.7.4-0-g67ead89\Code Igniter Project\Activity 2\system\Database\BaseConnection.php(555): CodeIgniter\Database\MySQLi\Connection->connect(false)
#1 C:\Users\Harrold Gille\Downloads\codeigniter4-framework-v4.7.4-0-g67ead89\Code Igniter Project\Activity 2\system\Database\BaseConnection.php(795): CodeIgniter\Database\BaseConnection->initialize()
#2 C:\Users\Harrold Gille\Downloads\codeigniter4-framework-v4.7.4-0-g67ead89\Code Igniter Project\Activity 2\system\Database\BaseBuilder.php(1659): CodeIgniter\Database\BaseConnection->query('SELECT *\nFROM `...', Array, false)
#3 C:\Users\Harrold Gille\Downloads\codeigniter4-framework-v4.7.4-0-g67ead89\Code Igniter Project\Activity 2\system\Model.php(255): CodeIgniter\Database\BaseBuilder->get()
#4 C:\Users\Harrold Gille\Downloads\codeigniter4-framework-v4.7.4-0-g67ead89\Code Igniter Project\Activity 2\system\BaseModel.php(676): CodeIgniter\Model->doFindAll(0, 0)
#5 C:\Users\Harrold Gille\Downloads\codeigniter4-framework-v4.7.4-0-g67ead89\Code Igniter Project\Activity 2\app\Controllers\Customers.php(13): CodeIgniter\BaseModel->findAll()
#6 C:\Users\Harrold Gille\Downloads\codeigniter4-framework-v4.7.4-0-g67ead89\Code Igniter Project\Activity 2\system\CodeIgniter.php(974): App\Controllers\Customers->index()
#7 C:\Users\Harrold Gille\Downloads\codeigniter4-framework-v4.7.4-0-g67ead89\Code Igniter Project\Activity 2\system\CodeIgniter.php(520): CodeIgniter\CodeIgniter->runController(Object(App\Controllers\Customers))
#8 C:\Users\Harrold Gille\Downloads\codeigniter4-framework-v4.7.4-0-g67ead89\Code Igniter Project\Activity 2\system\CodeIgniter.php(363): CodeIgniter\CodeIgniter->handleRequest(NULL, Object(Config\Cache), false)
#9 C:\Users\Harrold Gille\Downloads\codeigniter4-framework-v4.7.4-0-g67ead89\Code Igniter Project\Activity 2\system\Boot.php(417): CodeIgniter\CodeIgniter->run()
#10 C:\Users\Harrold Gille\Downloads\codeigniter4-framework-v4.7.4-0-g67ead89\Code Igniter Project\Activity 2\system\Boot.php(68): CodeIgniter\Boot::runCodeIgniter(Object(CodeIgniter\CodeIgniter))
#11 C:\Users\Harrold Gille\Downloads\codeigniter4-framework-v4.7.4-0-g67ead89\Code Igniter Project\Activity 2\public\index.php(59): CodeIgniter\Boot::bootWeb(Object(Config\Paths))
#12 C:\Users\Harrold Gille\Downloads\codeigniter4-framework-v4.7.4-0-g67ead89\Code Igniter Project\Activity 2\system\rewrite.php(44): require_once('C:\\Users\\Harrol...')
#13 {main}
CRITICAL - 2026-09-14 11:00:57 --> CodeIgniter\Database\Exceptions\DatabaseException: Unable to connect to the database.
Main connection [MySQLi]: Access denied for user '****'@'localhost' (using password: YES)
[Method: GET, Route: customers]
in SYSTEMPATH\Database\BaseConnection.php on line 606.
 1 SYSTEMPATH\Database\BaseConnection.php(795): CodeIgniter\Database\BaseConnection->initialize()
 2 SYSTEMPATH\Database\BaseBuilder.php(1659): CodeIgniter\Database\BaseConnection->query('SELECT *
FROM `customers`', [], false)
 3 SYSTEMPATH\Model.php(255): CodeIgniter\Database\BaseBuilder->get()
 4 SYSTEMPATH\BaseModel.php(676): CodeIgniter\Model->doFindAll(0, 0)
 5 APPPATH\Controllers\Customers.php(13): CodeIgniter\BaseModel->findAll()
 6 SYSTEMPATH\CodeIgniter.php(974): App\Controllers\Customers->index()
 7 SYSTEMPATH\CodeIgniter.php(520): CodeIgniter\CodeIgniter->runController(Object(App\Controllers\Customers))
 8 SYSTEMPATH\CodeIgniter.php(363): CodeIgniter\CodeIgniter->handleRequest(null, Object(Config\Cache), false)
 9 SYSTEMPATH\Boot.php(417): CodeIgniter\CodeIgniter->run()
10 SYSTEMPATH\Boot.php(68): CodeIgniter\Boot::runCodeIgniter(Object(CodeIgniter\CodeIgniter))
11 FCPATH\index.php(59): CodeIgniter\Boot::bootWeb(Object(Config\Paths))
12 SYSTEMPATH\rewrite.php(44): require_once('C:\\Users\\Harrold Gille\\Downloads\\codeigniter4-framework-v4.7.4-0-g67ead89\\Code Igniter Project\\Activity 2\\public\\index.php')
ERROR - 2026-09-14 11:02:49 --> Error connecting to the database: mysqli_sql_exception: Unknown database 'ci4' in C:\Users\Harrold Gille\Downloads\codeigniter4-framework-v4.7.4-0-g67ead89\Code Igniter Project\Activity 2\system\Database\MySQLi\Connection.php:201
Stack trace:
#0 C:\Users\Harrold Gille\Downloads\codeigniter4-framework-v4.7.4-0-g67ead89\Code Igniter Project\Activity 2\system\Database\MySQLi\Connection.php(201): mysqli->real_connect('localhost', 'root', Object(SensitiveParameterValue), 'ci4', 3306, '', 0)
#1 C:\Users\Harrold Gille\Downloads\codeigniter4-framework-v4.7.4-0-g67ead89\Code Igniter Project\Activity 2\system\Database\BaseConnection.php(555): CodeIgniter\Database\MySQLi\Connection->connect(false)
#2 C:\Users\Harrold Gille\Downloads\codeigniter4-framework-v4.7.4-0-g67ead89\Code Igniter Project\Activity 2\system\Database\BaseConnection.php(795): CodeIgniter\Database\BaseConnection->initialize()
#3 C:\Users\Harrold Gille\Downloads\codeigniter4-framework-v4.7.4-0-g67ead89\Code Igniter Project\Activity 2\system\Database\BaseBuilder.php(1659): CodeIgniter\Database\BaseConnection->query('SELECT *\nFROM `...', Array, false)
#4 C:\Users\Harrold Gille\Downloads\codeigniter4-framework-v4.7.4-0-g67ead89\Code Igniter Project\Activity 2\system\Model.php(255): CodeIgniter\Database\BaseBuilder->get()
#5 C:\Users\Harrold Gille\Downloads\codeigniter4-framework-v4.7.4-0-g67ead89\Code Igniter Project\Activity 2\system\BaseModel.php(676): CodeIgniter\Model->doFindAll(0, 0)
#6 C:\Users\Harrold Gille\Downloads\codeigniter4-framework-v4.7.4-0-g67ead89\Code Igniter Project\Activity 2\app\Controllers\Customers.php(13): CodeIgniter\BaseModel->findAll()
#7 C:\Users\Harrold Gille\Downloads\codeigniter4-framework-v4.7.4-0-g67ead89\Code Igniter Project\Activity 2\system\CodeIgniter.php(974): App\Controllers\Customers->index()
#8 C:\Users\Harrold Gille\Downloads\codeigniter4-framework-v4.7.4-0-g67ead89\Code Igniter Project\Activity 2\system\CodeIgniter.php(520): CodeIgniter\CodeIgniter->runController(Object(App\Controllers\Customers))
#9 C:\Users\Harrold Gille\Downloads\codeigniter4-framework-v4.7.4-0-g67ead89\Code Igniter Project\Activity 2\system\CodeIgniter.php(363): CodeIgniter\CodeIgniter->handleRequest(NULL, Object(Config\Cache), false)
#10 C:\Users\Harrold Gille\Downloads\codeigniter4-framework-v4.7.4-0-g67ead89\Code Igniter Project\Activity 2\system\Boot.php(417): CodeIgniter\CodeIgniter->run()
#11 C:\Users\Harrold Gille\Downloads\codeigniter4-framework-v4.7.4-0-g67ead89\Code Igniter Project\Activity 2\system\Boot.php(68): CodeIgniter\Boot::runCodeIgniter(Object(CodeIgniter\CodeIgniter))
#12 C:\Users\Harrold Gille\Downloads\codeigniter4-framework-v4.7.4-0-g67ead89\Code Igniter Project\Activity 2\public\index.php(59): CodeIgniter\Boot::bootWeb(Object(Config\Paths))
#13 C:\Users\Harrold Gille\Downloads\codeigniter4-framework-v4.7.4-0-g67ead89\Code Igniter Project\Activity 2\system\rewrite.php(44): require_once('C:\\Users\\Harrol...')
#14 {main}

Next CodeIgniter\Database\Exceptions\DatabaseException: Unknown database 'ci4' in C:\Users\Harrold Gille\Downloads\codeigniter4-framework-v4.7.4-0-g67ead89\Code Igniter Project\Activity 2\system\Database\MySQLi\Connection.php:231
Stack trace:
#0 C:\Users\Harrold Gille\Downloads\codeigniter4-framework-v4.7.4-0-g67ead89\Code Igniter Project\Activity 2\system\Database\BaseConnection.php(555): CodeIgniter\Database\MySQLi\Connection->connect(false)
#1 C:\Users\Harrold Gille\Downloads\codeigniter4-framework-v4.7.4-0-g67ead89\Code Igniter Project\Activity 2\system\Database\BaseConnection.php(795): CodeIgniter\Database\BaseConnection->initialize()
#2 C:\Users\Harrold Gille\Downloads\codeigniter4-framework-v4.7.4-0-g67ead89\Code Igniter Project\Activity 2\system\Database\BaseBuilder.php(1659): CodeIgniter\Database\BaseConnection->query('SELECT *\nFROM `...', Array, false)
#3 C:\Users\Harrold Gille\Downloads\codeigniter4-framework-v4.7.4-0-g67ead89\Code Igniter Project\Activity 2\system\Model.php(255): CodeIgniter\Database\BaseBuilder->get()
#4 C:\Users\Harrold Gille\Downloads\codeigniter4-framework-v4.7.4-0-g67ead89\Code Igniter Project\Activity 2\system\BaseModel.php(676): CodeIgniter\Model->doFindAll(0, 0)
#5 C:\Users\Harrold Gille\Downloads\codeigniter4-framework-v4.7.4-0-g67ead89\Code Igniter Project\Activity 2\app\Controllers\Customers.php(13): CodeIgniter\BaseModel->findAll()
#6 C:\Users\Harrold Gille\Downloads\codeigniter4-framework-v4.7.4-0-g67ead89\Code Igniter Project\Activity 2\system\CodeIgniter.php(974): App\Controllers\Customers->index()
#7 C:\Users\Harrold Gille\Downloads\codeigniter4-framework-v4.7.4-0-g67ead89\Code Igniter Project\Activity 2\system\CodeIgniter.php(520): CodeIgniter\CodeIgniter->runController(Object(App\Controllers\Customers))
#8 C:\Users\Harrold Gille\Downloads\codeigniter4-framework-v4.7.4-0-g67ead89\Code Igniter Project\Activity 2\system\CodeIgniter.php(363): CodeIgniter\CodeIgniter->handleRequest(NULL, Object(Config\Cache), false)
#9 C:\Users\Harrold Gille\Downloads\codeigniter4-framework-v4.7.4-0-g67ead89\Code Igniter Project\Activity 2\system\Boot.php(417): CodeIgniter\CodeIgniter->run()
#10 C:\Users\Harrold Gille\Downloads\codeigniter4-framework-v4.7.4-0-g67ead89\Code Igniter Project\Activity 2\system\Boot.php(68): CodeIgniter\Boot::runCodeIgniter(Object(CodeIgniter\CodeIgniter))
#11 C:\Users\Harrold Gille\Downloads\codeigniter4-framework-v4.7.4-0-g67ead89\Code Igniter Project\Activity 2\public\index.php(59): CodeIgniter\Boot::bootWeb(Object(Config\Paths))
#12 C:\Users\Harrold Gille\Downloads\codeigniter4-framework-v4.7.4-0-g67ead89\Code Igniter Project\Activity 2\system\rewrite.php(44): require_once('C:\\Users\\Harrol...')
#13 {main}
CRITICAL - 2026-09-14 11:02:49 --> CodeIgniter\Database\Exceptions\DatabaseException: Unable to connect to the database.
Main connection [MySQLi]: Unknown database 'ci4'
[Method: GET, Route: customers]
in SYSTEMPATH\Database\BaseConnection.php on line 606.
 1 SYSTEMPATH\Database\BaseConnection.php(795): CodeIgniter\Database\BaseConnection->initialize()
 2 SYSTEMPATH\Database\BaseBuilder.php(1659): CodeIgniter\Database\BaseConnection->query('SELECT *
FROM `customers`', [], false)
 3 SYSTEMPATH\Model.php(255): CodeIgniter\Database\BaseBuilder->get()
 4 SYSTEMPATH\BaseModel.php(676): CodeIgniter\Model->doFindAll(0, 0)
 5 APPPATH\Controllers\Customers.php(13): CodeIgniter\BaseModel->findAll()
 6 SYSTEMPATH\CodeIgniter.php(974): App\Controllers\Customers->index()
 7 SYSTEMPATH\CodeIgniter.php(520): CodeIgniter\CodeIgniter->runController(Object(App\Controllers\Customers))
 8 SYSTEMPATH\CodeIgniter.php(363): CodeIgniter\CodeIgniter->handleRequest(null, Object(Config\Cache), false)
 9 SYSTEMPATH\Boot.php(417): CodeIgniter\CodeIgniter->run()
10 SYSTEMPATH\Boot.php(68): CodeIgniter\Boot::runCodeIgniter(Object(CodeIgniter\CodeIgniter))
11 FCPATH\index.php(59): CodeIgniter\Boot::bootWeb(Object(Config\Paths))
12 SYSTEMPATH\rewrite.php(44): require_once('C:\\Users\\Harrold Gille\\Downloads\\codeigniter4-framework-v4.7.4-0-g67ead89\\Code Igniter Project\\Activity 2\\public\\index.php')
ERROR - 2026-09-14 11:02:51 --> Error connecting to the database: mysqli_sql_exception: Unknown database 'ci4' in C:\Users\Harrold Gille\Downloads\codeigniter4-framework-v4.7.4-0-g67ead89\Code Igniter Project\Activity 2\system\Database\MySQLi\Connection.php:201
Stack trace:
#0 C:\Users\Harrold Gille\Downloads\codeigniter4-framework-v4.7.4-0-g67ead89\Code Igniter Project\Activity 2\system\Database\MySQLi\Connection.php(201): mysqli->real_connect('localhost', 'root', Object(SensitiveParameterValue), 'ci4', 3306, '', 0)
#1 C:\Users\Harrold Gille\Downloads\codeigniter4-framework-v4.7.4-0-g67ead89\Code Igniter Project\Activity 2\system\Database\BaseConnection.php(555): CodeIgniter\Database\MySQLi\Connection->connect(false)
#2 C:\Users\Harrold Gille\Downloads\codeigniter4-framework-v4.7.4-0-g67ead89\Code Igniter Project\Activity 2\system\Database\BaseConnection.php(795): CodeIgniter\Database\BaseConnection->initialize()
#3 C:\Users\Harrold Gille\Downloads\codeigniter4-framework-v4.7.4-0-g67ead89\Code Igniter Project\Activity 2\system\Database\BaseBuilder.php(1659): CodeIgniter\Database\BaseConnection->query('SELECT *\nFROM `...', Array, false)
#4 C:\Users\Harrold Gille\Downloads\codeigniter4-framework-v4.7.4-0-g67ead89\Code Igniter Project\Activity 2\system\Model.php(255): CodeIgniter\Database\BaseBuilder->get()
#5 C:\Users\Harrold Gille\Downloads\codeigniter4-framework-v4.7.4-0-g67ead89\Code Igniter Project\Activity 2\system\BaseModel.php(676): CodeIgniter\Model->doFindAll(0, 0)
#6 C:\Users\Harrold Gille\Downloads\codeigniter4-framework-v4.7.4-0-g67ead89\Code Igniter Project\Activity 2\app\Controllers\Customers.php(13): CodeIgniter\BaseModel->findAll()
#7 C:\Users\Harrold Gille\Downloads\codeigniter4-framework-v4.7.4-0-g67ead89\Code Igniter Project\Activity 2\system\CodeIgniter.php(974): App\Controllers\Customers->index()
#8 C:\Users\Harrold Gille\Downloads\codeigniter4-framework-v4.7.4-0-g67ead89\Code Igniter Project\Activity 2\system\CodeIgniter.php(520): CodeIgniter\CodeIgniter->runController(Object(App\Controllers\Customers))
#9 C:\Users\Harrold Gille\Downloads\codeigniter4-framework-v4.7.4-0-g67ead89\Code Igniter Project\Activity 2\system\CodeIgniter.php(363): CodeIgniter\CodeIgniter->handleRequest(NULL, Object(Config\Cache), false)
#10 C:\Users\Harrold Gille\Downloads\codeigniter4-framework-v4.7.4-0-g67ead89\Code Igniter Project\Activity 2\system\Boot.php(417): CodeIgniter\CodeIgniter->run()
#11 C:\Users\Harrold Gille\Downloads\codeigniter4-framework-v4.7.4-0-g67ead89\Code Igniter Project\Activity 2\system\Boot.php(68): CodeIgniter\Boot::runCodeIgniter(Object(CodeIgniter\CodeIgniter))
#12 C:\Users\Harrold Gille\Downloads\codeigniter4-framework-v4.7.4-0-g67ead89\Code Igniter Project\Activity 2\public\index.php(59): CodeIgniter\Boot::bootWeb(Object(Config\Paths))
#13 C:\Users\Harrold Gille\Downloads\codeigniter4-framework-v4.7.4-0-g67ead89\Code Igniter Project\Activity 2\system\rewrite.php(44): require_once('C:\\Users\\Harrol...')
#14 {main}

Next CodeIgniter\Database\Exceptions\DatabaseException: Unknown database 'ci4' in C:\Users\Harrold Gille\Downloads\codeigniter4-framework-v4.7.4-0-g67ead89\Code Igniter Project\Activity 2\system\Database\MySQLi\Connection.php:231
Stack trace:
#0 C:\Users\Harrold Gille\Downloads\codeigniter4-framework-v4.7.4-0-g67ead89\Code Igniter Project\Activity 2\system\Database\BaseConnection.php(555): CodeIgniter\Database\MySQLi\Connection->connect(false)
#1 C:\Users\Harrold Gille\Downloads\codeigniter4-framework-v4.7.4-0-g67ead89\Code Igniter Project\Activity 2\system\Database\BaseConnection.php(795): CodeIgniter\Database\BaseConnection->initialize()
#2 C:\Users\Harrold Gille\Downloads\codeigniter4-framework-v4.7.4-0-g67ead89\Code Igniter Project\Activity 2\system\Database\BaseBuilder.php(1659): CodeIgniter\Database\BaseConnection->query('SELECT *\nFROM `...', Array, false)
#3 C:\Users\Harrold Gille\Downloads\codeigniter4-framework-v4.7.4-0-g67ead89\Code Igniter Project\Activity 2\system\Model.php(255): CodeIgniter\Database\BaseBuilder->get()
#4 C:\Users\Harrold Gille\Downloads\codeigniter4-framework-v4.7.4-0-g67ead89\Code Igniter Project\Activity 2\system\BaseModel.php(676): CodeIgniter\Model->doFindAll(0, 0)
#5 C:\Users\Harrold Gille\Downloads\codeigniter4-framework-v4.7.4-0-g67ead89\Code Igniter Project\Activity 2\app\Controllers\Customers.php(13): CodeIgniter\BaseModel->findAll()
#6 C:\Users\Harrold Gille\Downloads\codeigniter4-framework-v4.7.4-0-g67ead89\Code Igniter Project\Activity 2\system\CodeIgniter.php(974): App\Controllers\Customers->index()
#7 C:\Users\Harrold Gille\Downloads\codeigniter4-framework-v4.7.4-0-g67ead89\Code Igniter Project\Activity 2\system\CodeIgniter.php(520): CodeIgniter\CodeIgniter->runController(Object(App\Controllers\Customers))
#8 C:\Users\Harrold Gille\Downloads\codeigniter4-framework-v4.7.4-0-g67ead89\Code Igniter Project\Activity 2\system\CodeIgniter.php(363): CodeIgniter\CodeIgniter->handleRequest(NULL, Object(Config\Cache), false)
#9 C:\Users\Harrold Gille\Downloads\codeigniter4-framework-v4.7.4-0-g67ead89\Code Igniter Project\Activity 2\system\Boot.php(417): CodeIgniter\CodeIgniter->run()
#10 C:\Users\Harrold Gille\Downloads\codeigniter4-framework-v4.7.4-0-g67ead89\Code Igniter Project\Activity 2\system\Boot.php(68): CodeIgniter\Boot::runCodeIgniter(Object(CodeIgniter\CodeIgniter))
#11 C:\Users\Harrold Gille\Downloads\codeigniter4-framework-v4.7.4-0-g67ead89\Code Igniter Project\Activity 2\public\index.php(59): CodeIgniter\Boot::bootWeb(Object(Config\Paths))
#12 C:\Users\Harrold Gille\Downloads\codeigniter4-framework-v4.7.4-0-g67ead89\Code Igniter Project\Activity 2\system\rewrite.php(44): require_once('C:\\Users\\Harrol...')
#13 {main}
CRITICAL - 2026-09-14 11:02:51 --> CodeIgniter\Database\Exceptions\DatabaseException: Unable to connect to the database.
Main connection [MySQLi]: Unknown database 'ci4'
[Method: GET, Route: customers]
in SYSTEMPATH\Database\BaseConnection.php on line 606.
 1 SYSTEMPATH\Database\BaseConnection.php(795): CodeIgniter\Database\BaseConnection->initialize()
 2 SYSTEMPATH\Database\BaseBuilder.php(1659): CodeIgniter\Database\BaseConnection->query('SELECT *
FROM `customers`', [], false)
 3 SYSTEMPATH\Model.php(255): CodeIgniter\Database\BaseBuilder->get()
 4 SYSTEMPATH\BaseModel.php(676): CodeIgniter\Model->doFindAll(0, 0)
 5 APPPATH\Controllers\Customers.php(13): CodeIgniter\BaseModel->findAll()
 6 SYSTEMPATH\CodeIgniter.php(974): App\Controllers\Customers->index()
 7 SYSTEMPATH\CodeIgniter.php(520): CodeIgniter\CodeIgniter->runController(Object(App\Controllers\Customers))
 8 SYSTEMPATH\CodeIgniter.php(363): CodeIgniter\CodeIgniter->handleRequest(null, Object(Config\Cache), false)
 9 SYSTEMPATH\Boot.php(417): CodeIgniter\CodeIgniter->run()
10 SYSTEMPATH\Boot.php(68): CodeIgniter\Boot::runCodeIgniter(Object(CodeIgniter\CodeIgniter))
11 FCPATH\index.php(59): CodeIgniter\Boot::bootWeb(Object(Config\Paths))
12 SYSTEMPATH\rewrite.php(44): require_once('C:\\Users\\Harrold Gille\\Downloads\\codeigniter4-framework-v4.7.4-0-g67ead89\\Code Igniter Project\\Activity 2\\public\\index.php')
ERROR - 2026-09-14 11:02:51 --> Error connecting to the database: mysqli_sql_exception: Unknown database 'ci4' in C:\Users\Harrold Gille\Downloads\codeigniter4-framework-v4.7.4-0-g67ead89\Code Igniter Project\Activity 2\system\Database\MySQLi\Connection.php:201
Stack trace:
#0 C:\Users\Harrold Gille\Downloads\codeigniter4-framework-v4.7.4-0-g67ead89\Code Igniter Project\Activity 2\system\Database\MySQLi\Connection.php(201): mysqli->real_connect('localhost', 'root', Object(SensitiveParameterValue), 'ci4', 3306, '', 0)
#1 C:\Users\Harrold Gille\Downloads\codeigniter4-framework-v4.7.4-0-g67ead89\Code Igniter Project\Activity 2\system\Database\BaseConnection.php(555): CodeIgniter\Database\MySQLi\Connection->connect(false)
#2 C:\Users\Harrold Gille\Downloads\codeigniter4-framework-v4.7.4-0-g67ead89\Code Igniter Project\Activity 2\system\Database\BaseConnection.php(795): CodeIgniter\Database\BaseConnection->initialize()
#3 C:\Users\Harrold Gille\Downloads\codeigniter4-framework-v4.7.4-0-g67ead89\Code Igniter Project\Activity 2\system\Database\BaseBuilder.php(1659): CodeIgniter\Database\BaseConnection->query('SELECT *\nFROM `...', Array, false)
#4 C:\Users\Harrold Gille\Downloads\codeigniter4-framework-v4.7.4-0-g67ead89\Code Igniter Project\Activity 2\system\Model.php(255): CodeIgniter\Database\BaseBuilder->get()
#5 C:\Users\Harrold Gille\Downloads\codeigniter4-framework-v4.7.4-0-g67ead89\Code Igniter Project\Activity 2\system\BaseModel.php(676): CodeIgniter\Model->doFindAll(0, 0)
#6 C:\Users\Harrold Gille\Downloads\codeigniter4-framework-v4.7.4-0-g67ead89\Code Igniter Project\Activity 2\app\Controllers\Customers.php(13): CodeIgniter\BaseModel->findAll()
#7 C:\Users\Harrold Gille\Downloads\codeigniter4-framework-v4.7.4-0-g67ead89\Code Igniter Project\Activity 2\system\CodeIgniter.php(974): App\Controllers\Customers->index()
#8 C:\Users\Harrold Gille\Downloads\codeigniter4-framework-v4.7.4-0-g67ead89\Code Igniter Project\Activity 2\system\CodeIgniter.php(520): CodeIgniter\CodeIgniter->runController(Object(App\Controllers\Customers))
#9 C:\Users\Harrold Gille\Downloads\codeigniter4-framework-v4.7.4-0-g67ead89\Code Igniter Project\Activity 2\system\CodeIgniter.php(363): CodeIgniter\CodeIgniter->handleRequest(NULL, Object(Config\Cache), false)
#10 C:\Users\Harrold Gille\Downloads\codeigniter4-framework-v4.7.4-0-g67ead89\Code Igniter Project\Activity 2\system\Boot.php(417): CodeIgniter\CodeIgniter->run()
#11 C:\Users\Harrold Gille\Downloads\codeigniter4-framework-v4.7.4-0-g67ead89\Code Igniter Project\Activity 2\system\Boot.php(68): CodeIgniter\Boot::runCodeIgniter(Object(CodeIgniter\CodeIgniter))
#12 C:\Users\Harrold Gille\Downloads\codeigniter4-framework-v4.7.4-0-g67ead89\Code Igniter Project\Activity 2\public\index.php(59): CodeIgniter\Boot::bootWeb(Object(Config\Paths))
#13 C:\Users\Harrold Gille\Downloads\codeigniter4-framework-v4.7.4-0-g67ead89\Code Igniter Project\Activity 2\system\rewrite.php(44): require_once('C:\\Users\\Harrol...')
#14 {main}

Next CodeIgniter\Database\Exceptions\DatabaseException: Unknown database 'ci4' in C:\Users\Harrold Gille\Downloads\codeigniter4-framework-v4.7.4-0-g67ead89\Code Igniter Project\Activity 2\system\Database\MySQLi\Connection.php:231
Stack trace:
#0 C:\Users\Harrold Gille\Downloads\codeigniter4-framework-v4.7.4-0-g67ead89\Code Igniter Project\Activity 2\system\Database\BaseConnection.php(555): CodeIgniter\Database\MySQLi\Connection->connect(false)
#1 C:\Users\Harrold Gille\Downloads\codeigniter4-framework-v4.7.4-0-g67ead89\Code Igniter Project\Activity 2\system\Database\BaseConnection.php(795): CodeIgniter\Database\BaseConnection->initialize()
#2 C:\Users\Harrold Gille\Downloads\codeigniter4-framework-v4.7.4-0-g67ead89\Code Igniter Project\Activity 2\system\Database\BaseBuilder.php(1659): CodeIgniter\Database\BaseConnection->query('SELECT *\nFROM `...', Array, false)
#3 C:\Users\Harrold Gille\Downloads\codeigniter4-framework-v4.7.4-0-g67ead89\Code Igniter Project\Activity 2\system\Model.php(255): CodeIgniter\Database\BaseBuilder->get()
#4 C:\Users\Harrold Gille\Downloads\codeigniter4-framework-v4.7.4-0-g67ead89\Code Igniter Project\Activity 2\system\BaseModel.php(676): CodeIgniter\Model->doFindAll(0, 0)
#5 C:\Users\Harrold Gille\Downloads\codeigniter4-framework-v4.7.4-0-g67ead89\Code Igniter Project\Activity 2\app\Controllers\Customers.php(13): CodeIgniter\BaseModel->findAll()
#6 C:\Users\Harrold Gille\Downloads\codeigniter4-framework-v4.7.4-0-g67ead89\Code Igniter Project\Activity 2\system\CodeIgniter.php(974): App\Controllers\Customers->index()
#7 C:\Users\Harrold Gille\Downloads\codeigniter4-framework-v4.7.4-0-g67ead89\Code Igniter Project\Activity 2\system\CodeIgniter.php(520): CodeIgniter\CodeIgniter->runController(Object(App\Controllers\Customers))
#8 C:\Users\Harrold Gille\Downloads\codeigniter4-framework-v4.7.4-0-g67ead89\Code Igniter Project\Activity 2\system\CodeIgniter.php(363): CodeIgniter\CodeIgniter->handleRequest(NULL, Object(Config\Cache), false)
#9 C:\Users\Harrold Gille\Downloads\codeigniter4-framework-v4.7.4-0-g67ead89\Code Igniter Project\Activity 2\system\Boot.php(417): CodeIgniter\CodeIgniter->run()
#10 C:\Users\Harrold Gille\Downloads\codeigniter4-framework-v4.7.4-0-g67ead89\Code Igniter Project\Activity 2\system\Boot.php(68): CodeIgniter\Boot::runCodeIgniter(Object(CodeIgniter\CodeIgniter))
#11 C:\Users\Harrold Gille\Downloads\codeigniter4-framework-v4.7.4-0-g67ead89\Code Igniter Project\Activity 2\public\index.php(59): CodeIgniter\Boot::bootWeb(Object(Config\Paths))
#12 C:\Users\Harrold Gille\Downloads\codeigniter4-framework-v4.7.4-0-g67ead89\Code Igniter Project\Activity 2\system\rewrite.php(44): require_once('C:\\Users\\Harrol...')
#13 {main}
CRITICAL - 2026-09-14 11:02:51 --> CodeIgniter\Database\Exceptions\DatabaseException: Unable to connect to the database.
Main connection [MySQLi]: Unknown database 'ci4'
[Method: GET, Route: customers]
in SYSTEMPATH\Database\BaseConnection.php on line 606.
 1 SYSTEMPATH\Database\BaseConnection.php(795): CodeIgniter\Database\BaseConnection->initialize()
 2 SYSTEMPATH\Database\BaseBuilder.php(1659): CodeIgniter\Database\BaseConnection->query('SELECT *
FROM `customers`', [], false)
 3 SYSTEMPATH\Model.php(255): CodeIgniter\Database\BaseBuilder->get()
 4 SYSTEMPATH\BaseModel.php(676): CodeIgniter\Model->doFindAll(0, 0)
 5 APPPATH\Controllers\Customers.php(13): CodeIgniter\BaseModel->findAll()
 6 SYSTEMPATH\CodeIgniter.php(974): App\Controllers\Customers->index()
 7 SYSTEMPATH\CodeIgniter.php(520): CodeIgniter\CodeIgniter->runController(Object(App\Controllers\Customers))
 8 SYSTEMPATH\CodeIgniter.php(363): CodeIgniter\CodeIgniter->handleRequest(null, Object(Config\Cache), false)
 9 SYSTEMPATH\Boot.php(417): CodeIgniter\CodeIgniter->run()
10 SYSTEMPATH\Boot.php(68): CodeIgniter\Boot::runCodeIgniter(Object(CodeIgniter\CodeIgniter))
11 FCPATH\index.php(59): CodeIgniter\Boot::bootWeb(Object(Config\Paths))
12 SYSTEMPATH\rewrite.php(44): require_once('C:\\Users\\Harrold Gille\\Downloads\\codeigniter4-framework-v4.7.4-0-g67ead89\\Code Igniter Project\\Activity 2\\public\\index.php')
ERROR - 2026-09-14 11:02:52 --> Error connecting to the database: mysqli_sql_exception: Unknown database 'ci4' in C:\Users\Harrold Gille\Downloads\codeigniter4-framework-v4.7.4-0-g67ead89\Code Igniter Project\Activity 2\system\Database\MySQLi\Connection.php:201
Stack trace:
#0 C:\Users\Harrold Gille\Downloads\codeigniter4-framework-v4.7.4-0-g67ead89\Code Igniter Project\Activity 2\system\Database\MySQLi\Connection.php(201): mysqli->real_connect('localhost', 'root', Object(SensitiveParameterValue), 'ci4', 3306, '', 0)
#1 C:\Users\Harrold Gille\Downloads\codeigniter4-framework-v4.7.4-0-g67ead89\Code Igniter Project\Activity 2\system\Database\BaseConnection.php(555): CodeIgniter\Database\MySQLi\Connection->connect(false)
#2 C:\Users\Harrold Gille\Downloads\codeigniter4-framework-v4.7.4-0-g67ead89\Code Igniter Project\Activity 2\system\Database\BaseConnection.php(795): CodeIgniter\Database\BaseConnection->initialize()
#3 C:\Users\Harrold Gille\Downloads\codeigniter4-framework-v4.7.4-0-g67ead89\Code Igniter Project\Activity 2\system\Database\BaseBuilder.php(1659): CodeIgniter\Database\BaseConnection->query('SELECT *\nFROM `...', Array, false)
#4 C:\Users\Harrold Gille\Downloads\codeigniter4-framework-v4.7.4-0-g67ead89\Code Igniter Project\Activity 2\system\Model.php(255): CodeIgniter\Database\BaseBuilder->get()
#5 C:\Users\Harrold Gille\Downloads\codeigniter4-framework-v4.7.4-0-g67ead89\Code Igniter Project\Activity 2\system\BaseModel.php(676): CodeIgniter\Model->doFindAll(0, 0)
#6 C:\Users\Harrold Gille\Downloads\codeigniter4-framework-v4.7.4-0-g67ead89\Code Igniter Project\Activity 2\app\Controllers\Customers.php(13): CodeIgniter\BaseModel->findAll()
#7 C:\Users\Harrold Gille\Downloads\codeigniter4-framework-v4.7.4-0-g67ead89\Code Igniter Project\Activity 2\system\CodeIgniter.php(974): App\Controllers\Customers->index()
#8 C:\Users\Harrold Gille\Downloads\codeigniter4-framework-v4.7.4-0-g67ead89\Code Igniter Project\Activity 2\system\CodeIgniter.php(520): CodeIgniter\CodeIgniter->runController(Object(App\Controllers\Customers))
#9 C:\Users\Harrold Gille\Downloads\codeigniter4-framework-v4.7.4-0-g67ead89\Code Igniter Project\Activity 2\system\CodeIgniter.php(363): CodeIgniter\CodeIgniter->handleRequest(NULL, Object(Config\Cache), false)
#10 C:\Users\Harrold Gille\Downloads\codeigniter4-framework-v4.7.4-0-g67ead89\Code Igniter Project\Activity 2\system\Boot.php(417): CodeIgniter\CodeIgniter->run()
#11 C:\Users\Harrold Gille\Downloads\codeigniter4-framework-v4.7.4-0-g67ead89\Code Igniter Project\Activity 2\system\Boot.php(68): CodeIgniter\Boot::runCodeIgniter(Object(CodeIgniter\CodeIgniter))
#12 C:\Users\Harrold Gille\Downloads\codeigniter4-framework-v4.7.4-0-g67ead89\Code Igniter Project\Activity 2\public\index.php(59): CodeIgniter\Boot::bootWeb(Object(Config\Paths))
#13 C:\Users\Harrold Gille\Downloads\codeigniter4-framework-v4.7.4-0-g67ead89\Code Igniter Project\Activity 2\system\rewrite.php(44): require_once('C:\\Users\\Harrol...')
#14 {main}

Next CodeIgniter\Database\Exceptions\DatabaseException: Unknown database 'ci4' in C:\Users\Harrold Gille\Downloads\codeigniter4-framework-v4.7.4-0-g67ead89\Code Igniter Project\Activity 2\system\Database\MySQLi\Connection.php:231
Stack trace:
#0 C:\Users\Harrold Gille\Downloads\codeigniter4-framework-v4.7.4-0-g67ead89\Code Igniter Project\Activity 2\system\Database\BaseConnection.php(555): CodeIgniter\Database\MySQLi\Connection->connect(false)
#1 C:\Users\Harrold Gille\Downloads\codeigniter4-framework-v4.7.4-0-g67ead89\Code Igniter Project\Activity 2\system\Database\BaseConnection.php(795): CodeIgniter\Database\BaseConnection->initialize()
#2 C:\Users\Harrold Gille\Downloads\codeigniter4-framework-v4.7.4-0-g67ead89\Code Igniter Project\Activity 2\system\Database\BaseBuilder.php(1659): CodeIgniter\Database\BaseConnection->query('SELECT *\nFROM `...', Array, false)
#3 C:\Users\Harrold Gille\Downloads\codeigniter4-framework-v4.7.4-0-g67ead89\Code Igniter Project\Activity 2\system\Model.php(255): CodeIgniter\Database\BaseBuilder->get()
#4 C:\Users\Harrold Gille\Downloads\codeigniter4-framework-v4.7.4-0-g67ead89\Code Igniter Project\Activity 2\system\BaseModel.php(676): CodeIgniter\Model->doFindAll(0, 0)
#5 C:\Users\Harrold Gille\Downloads\codeigniter4-framework-v4.7.4-0-g67ead89\Code Igniter Project\Activity 2\app\Controllers\Customers.php(13): CodeIgniter\BaseModel->findAll()
#6 C:\Users\Harrold Gille\Downloads\codeigniter4-framework-v4.7.4-0-g67ead89\Code Igniter Project\Activity 2\system\CodeIgniter.php(974): App\Controllers\Customers->index()
#7 C:\Users\Harrold Gille\Downloads\codeigniter4-framework-v4.7.4-0-g67ead89\Code Igniter Project\Activity 2\system\CodeIgniter.php(520): CodeIgniter\CodeIgniter->runController(Object(App\Controllers\Customers))
#8 C:\Users\Harrold Gille\Downloads\codeigniter4-framework-v4.7.4-0-g67ead89\Code Igniter Project\Activity 2\system\CodeIgniter.php(363): CodeIgniter\CodeIgniter->handleRequest(NULL, Object(Config\Cache), false)
#9 C:\Users\Harrold Gille\Downloads\codeigniter4-framework-v4.7.4-0-g67ead89\Code Igniter Project\Activity 2\system\Boot.php(417): CodeIgniter\CodeIgniter->run()
#10 C:\Users\Harrold Gille\Downloads\codeigniter4-framework-v4.7.4-0-g67ead89\Code Igniter Project\Activity 2\system\Boot.php(68): CodeIgniter\Boot::runCodeIgniter(Object(CodeIgniter\CodeIgniter))
#11 C:\Users\Harrold Gille\Downloads\codeigniter4-framework-v4.7.4-0-g67ead89\Code Igniter Project\Activity 2\public\index.php(59): CodeIgniter\Boot::bootWeb(Object(Config\Paths))
#12 C:\Users\Harrold Gille\Downloads\codeigniter4-framework-v4.7.4-0-g67ead89\Code Igniter Project\Activity 2\system\rewrite.php(44): require_once('C:\\Users\\Harrol...')
#13 {main}
CRITICAL - 2026-09-14 11:02:52 --> CodeIgniter\Database\Exceptions\DatabaseException: Unable to connect to the database.
Main connection [MySQLi]: Unknown database 'ci4'
[Method: GET, Route: customers]
in SYSTEMPATH\Database\BaseConnection.php on line 606.
 1 SYSTEMPATH\Database\BaseConnection.php(795): CodeIgniter\Database\BaseConnection->initialize()
 2 SYSTEMPATH\Database\BaseBuilder.php(1659): CodeIgniter\Database\BaseConnection->query('SELECT *
FROM `customers`', [], false)
 3 SYSTEMPATH\Model.php(255): CodeIgniter\Database\BaseBuilder->get()
 4 SYSTEMPATH\BaseModel.php(676): CodeIgniter\Model->doFindAll(0, 0)
 5 APPPATH\Controllers\Customers.php(13): CodeIgniter\BaseModel->findAll()
 6 SYSTEMPATH\CodeIgniter.php(974): App\Controllers\Customers->index()
 7 SYSTEMPATH\CodeIgniter.php(520): CodeIgniter\CodeIgniter->runController(Object(App\Controllers\Customers))
 8 SYSTEMPATH\CodeIgniter.php(363): CodeIgniter\CodeIgniter->handleRequest(null, Object(Config\Cache), false)
 9 SYSTEMPATH\Boot.php(417): CodeIgniter\CodeIgniter->run()
10 SYSTEMPATH\Boot.php(68): CodeIgniter\Boot::runCodeIgniter(Object(CodeIgniter\CodeIgniter))
11 FCPATH\index.php(59): CodeIgniter\Boot::bootWeb(Object(Config\Paths))
12 SYSTEMPATH\rewrite.php(44): require_once('C:\\Users\\Harrold Gille\\Downloads\\codeigniter4-framework-v4.7.4-0-g67ead89\\Code Igniter Project\\Activity 2\\public\\index.php')
ERROR - 2026-09-14 11:02:52 --> Error connecting to the database: mysqli_sql_exception: Unknown database 'ci4' in C:\Users\Harrold Gille\Downloads\codeigniter4-framework-v4.7.4-0-g67ead89\Code Igniter Project\Activity 2\system\Database\MySQLi\Connection.php:201
Stack trace:
#0 C:\Users\Harrold Gille\Downloads\codeigniter4-framework-v4.7.4-0-g67ead89\Code Igniter Project\Activity 2\system\Database\MySQLi\Connection.php(201): mysqli->real_connect('localhost', 'root', Object(SensitiveParameterValue), 'ci4', 3306, '', 0)
#1 C:\Users\Harrold Gille\Downloads\codeigniter4-framework-v4.7.4-0-g67ead89\Code Igniter Project\Activity 2\system\Database\BaseConnection.php(555): CodeIgniter\Database\MySQLi\Connection->connect(false)
#2 C:\Users\Harrold Gille\Downloads\codeigniter4-framework-v4.7.4-0-g67ead89\Code Igniter Project\Activity 2\system\Database\BaseConnection.php(795): CodeIgniter\Database\BaseConnection->initialize()
#3 C:\Users\Harrold Gille\Downloads\codeigniter4-framework-v4.7.4-0-g67ead89\Code Igniter Project\Activity 2\system\Database\BaseBuilder.php(1659): CodeIgniter\Database\BaseConnection->query('SELECT *\nFROM `...', Array, false)
#4 C:\Users\Harrold Gille\Downloads\codeigniter4-framework-v4.7.4-0-g67ead89\Code Igniter Project\Activity 2\system\Model.php(255): CodeIgniter\Database\BaseBuilder->get()
#5 C:\Users\Harrold Gille\Downloads\codeigniter4-framework-v4.7.4-0-g67ead89\Code Igniter Project\Activity 2\system\BaseModel.php(676): CodeIgniter\Model->doFindAll(0, 0)
#6 C:\Users\Harrold Gille\Downloads\codeigniter4-framework-v4.7.4-0-g67ead89\Code Igniter Project\Activity 2\app\Controllers\Customers.php(13): CodeIgniter\BaseModel->findAll()
#7 C:\Users\Harrold Gille\Downloads\codeigniter4-framework-v4.7.4-0-g67ead89\Code Igniter Project\Activity 2\system\CodeIgniter.php(974): App\Controllers\Customers->index()
#8 C:\Users\Harrold Gille\Downloads\codeigniter4-framework-v4.7.4-0-g67ead89\Code Igniter Project\Activity 2\system\CodeIgniter.php(520): CodeIgniter\CodeIgniter->runController(Object(App\Controllers\Customers))
#9 C:\Users\Harrold Gille\Downloads\codeigniter4-framework-v4.7.4-0-g67ead89\Code Igniter Project\Activity 2\system\CodeIgniter.php(363): CodeIgniter\CodeIgniter->handleRequest(NULL, Object(Config\Cache), false)
#10 C:\Users\Harrold Gille\Downloads\codeigniter4-framework-v4.7.4-0-g67ead89\Code Igniter Project\Activity 2\system\Boot.php(417): CodeIgniter\CodeIgniter->run()
#11 C:\Users\Harrold Gille\Downloads\codeigniter4-framework-v4.7.4-0-g67ead89\Code Igniter Project\Activity 2\system\Boot.php(68): CodeIgniter\Boot::runCodeIgniter(Object(CodeIgniter\CodeIgniter))
#12 C:\Users\Harrold Gille\Downloads\codeigniter4-framework-v4.7.4-0-g67ead89\Code Igniter Project\Activity 2\public\index.php(59): CodeIgniter\Boot::bootWeb(Object(Config\Paths))
#13 C:\Users\Harrold Gille\Downloads\codeigniter4-framework-v4.7.4-0-g67ead89\Code Igniter Project\Activity 2\system\rewrite.php(44): require_once('C:\\Users\\Harrol...')
#14 {main}

Next CodeIgniter\Database\Exceptions\DatabaseException: Unknown database 'ci4' in C:\Users\Harrold Gille\Downloads\codeigniter4-framework-v4.7.4-0-g67ead89\Code Igniter Project\Activity 2\system\Database\MySQLi\Connection.php:231
Stack trace:
#0 C:\Users\Harrold Gille\Downloads\codeigniter4-framework-v4.7.4-0-g67ead89\Code Igniter Project\Activity 2\system\Database\BaseConnection.php(555): CodeIgniter\Database\MySQLi\Connection->connect(false)
#1 C:\Users\Harrold Gille\Downloads\codeigniter4-framework-v4.7.4-0-g67ead89\Code Igniter Project\Activity 2\system\Database\BaseConnection.php(795): CodeIgniter\Database\BaseConnection->initialize()
#2 C:\Users\Harrold Gille\Downloads\codeigniter4-framework-v4.7.4-0-g67ead89\Code Igniter Project\Activity 2\system\Database\BaseBuilder.php(1659): CodeIgniter\Database\BaseConnection->query('SELECT *\nFROM `...', Array, false)
#3 C:\Users\Harrold Gille\Downloads\codeigniter4-framework-v4.7.4-0-g67ead89\Code Igniter Project\Activity 2\system\Model.php(255): CodeIgniter\Database\BaseBuilder->get()
#4 C:\Users\Harrold Gille\Downloads\codeigniter4-framework-v4.7.4-0-g67ead89\Code Igniter Project\Activity 2\system\BaseModel.php(676): CodeIgniter\Model->doFindAll(0, 0)
#5 C:\Users\Harrold Gille\Downloads\codeigniter4-framework-v4.7.4-0-g67ead89\Code Igniter Project\Activity 2\app\Controllers\Customers.php(13): CodeIgniter\BaseModel->findAll()
#6 C:\Users\Harrold Gille\Downloads\codeigniter4-framework-v4.7.4-0-g67ead89\Code Igniter Project\Activity 2\system\CodeIgniter.php(974): App\Controllers\Customers->index()
#7 C:\Users\Harrold Gille\Downloads\codeigniter4-framework-v4.7.4-0-g67ead89\Code Igniter Project\Activity 2\system\CodeIgniter.php(520): CodeIgniter\CodeIgniter->runController(Object(App\Controllers\Customers))
#8 C:\Users\Harrold Gille\Downloads\codeigniter4-framework-v4.7.4-0-g67ead89\Code Igniter Project\Activity 2\system\CodeIgniter.php(363): CodeIgniter\CodeIgniter->handleRequest(NULL, Object(Config\Cache), false)
#9 C:\Users\Harrold Gille\Downloads\codeigniter4-framework-v4.7.4-0-g67ead89\Code Igniter Project\Activity 2\system\Boot.php(417): CodeIgniter\CodeIgniter->run()
#10 C:\Users\Harrold Gille\Downloads\codeigniter4-framework-v4.7.4-0-g67ead89\Code Igniter Project\Activity 2\system\Boot.php(68): CodeIgniter\Boot::runCodeIgniter(Object(CodeIgniter\CodeIgniter))
#11 C:\Users\Harrold Gille\Downloads\codeigniter4-framework-v4.7.4-0-g67ead89\Code Igniter Project\Activity 2\public\index.php(59): CodeIgniter\Boot::bootWeb(Object(Config\Paths))
#12 C:\Users\Harrold Gille\Downloads\codeigniter4-framework-v4.7.4-0-g67ead89\Code Igniter Project\Activity 2\system\rewrite.php(44): require_once('C:\\Users\\Harrol...')
#13 {main}
CRITICAL - 2026-09-14 11:02:52 --> CodeIgniter\Database\Exceptions\DatabaseException: Unable to connect to the database.
Main connection [MySQLi]: Unknown database 'ci4'
[Method: GET, Route: customers]
in SYSTEMPATH\Database\BaseConnection.php on line 606.
 1 SYSTEMPATH\Database\BaseConnection.php(795): CodeIgniter\Database\BaseConnection->initialize()
 2 SYSTEMPATH\Database\BaseBuilder.php(1659): CodeIgniter\Database\BaseConnection->query('SELECT *
FROM `customers`', [], false)
 3 SYSTEMPATH\Model.php(255): CodeIgniter\Database\BaseBuilder->get()
 4 SYSTEMPATH\BaseModel.php(676): CodeIgniter\Model->doFindAll(0, 0)
 5 APPPATH\Controllers\Customers.php(13): CodeIgniter\BaseModel->findAll()
 6 SYSTEMPATH\CodeIgniter.php(974): App\Controllers\Customers->index()
 7 SYSTEMPATH\CodeIgniter.php(520): CodeIgniter\CodeIgniter->runController(Object(App\Controllers\Customers))
 8 SYSTEMPATH\CodeIgniter.php(363): CodeIgniter\CodeIgniter->handleRequest(null, Object(Config\Cache), false)
 9 SYSTEMPATH\Boot.php(417): CodeIgniter\CodeIgniter->run()
10 SYSTEMPATH\Boot.php(68): CodeIgniter\Boot::runCodeIgniter(Object(CodeIgniter\CodeIgniter))
11 FCPATH\index.php(59): CodeIgniter\Boot::bootWeb(Object(Config\Paths))
12 SYSTEMPATH\rewrite.php(44): require_once('C:\\Users\\Harrold Gille\\Downloads\\codeigniter4-framework-v4.7.4-0-g67ead89\\Code Igniter Project\\Activity 2\\public\\index.php')
ERROR - 2026-09-14 11:02:53 --> Error connecting to the database: mysqli_sql_exception: Unknown database 'ci4' in C:\Users\Harrold Gille\Downloads\codeigniter4-framework-v4.7.4-0-g67ead89\Code Igniter Project\Activity 2\system\Database\MySQLi\Connection.php:201
Stack trace:
#0 C:\Users\Harrold Gille\Downloads\codeigniter4-framework-v4.7.4-0-g67ead89\Code Igniter Project\Activity 2\system\Database\MySQLi\Connection.php(201): mysqli->real_connect('localhost', 'root', Object(SensitiveParameterValue), 'ci4', 3306, '', 0)
#1 C:\Users\Harrold Gille\Downloads\codeigniter4-framework-v4.7.4-0-g67ead89\Code Igniter Project\Activity 2\system\Database\BaseConnection.php(555): CodeIgniter\Database\MySQLi\Connection->connect(false)
#2 C:\Users\Harrold Gille\Downloads\codeigniter4-framework-v4.7.4-0-g67ead89\Code Igniter Project\Activity 2\system\Database\BaseConnection.php(795): CodeIgniter\Database\BaseConnection->initialize()
#3 C:\Users\Harrold Gille\Downloads\codeigniter4-framework-v4.7.4-0-g67ead89\Code Igniter Project\Activity 2\system\Database\BaseBuilder.php(1659): CodeIgniter\Database\BaseConnection->query('SELECT *\nFROM `...', Array, false)
#4 C:\Users\Harrold Gille\Downloads\codeigniter4-framework-v4.7.4-0-g67ead89\Code Igniter Project\Activity 2\system\Model.php(255): CodeIgniter\Database\BaseBuilder->get()
#5 C:\Users\Harrold Gille\Downloads\codeigniter4-framework-v4.7.4-0-g67ead89\Code Igniter Project\Activity 2\system\BaseModel.php(676): CodeIgniter\Model->doFindAll(0, 0)
#6 C:\Users\Harrold Gille\Downloads\codeigniter4-framework-v4.7.4-0-g67ead89\Code Igniter Project\Activity 2\app\Controllers\Customers.php(13): CodeIgniter\BaseModel->findAll()
#7 C:\Users\Harrold Gille\Downloads\codeigniter4-framework-v4.7.4-0-g67ead89\Code Igniter Project\Activity 2\system\CodeIgniter.php(974): App\Controllers\Customers->index()
#8 C:\Users\Harrold Gille\Downloads\codeigniter4-framework-v4.7.4-0-g67ead89\Code Igniter Project\Activity 2\system\CodeIgniter.php(520): CodeIgniter\CodeIgniter->runController(Object(App\Controllers\Customers))
#9 C:\Users\Harrold Gille\Downloads\codeigniter4-framework-v4.7.4-0-g67ead89\Code Igniter Project\Activity 2\system\CodeIgniter.php(363): CodeIgniter\CodeIgniter->handleRequest(NULL, Object(Config\Cache), false)
#10 C:\Users\Harrold Gille\Downloads\codeigniter4-framework-v4.7.4-0-g67ead89\Code Igniter Project\Activity 2\system\Boot.php(417): CodeIgniter\CodeIgniter->run()
#11 C:\Users\Harrold Gille\Downloads\codeigniter4-framework-v4.7.4-0-g67ead89\Code Igniter Project\Activity 2\system\Boot.php(68): CodeIgniter\Boot::runCodeIgniter(Object(CodeIgniter\CodeIgniter))
#12 C:\Users\Harrold Gille\Downloads\codeigniter4-framework-v4.7.4-0-g67ead89\Code Igniter Project\Activity 2\public\index.php(59): CodeIgniter\Boot::bootWeb(Object(Config\Paths))
#13 C:\Users\Harrold Gille\Downloads\codeigniter4-framework-v4.7.4-0-g67ead89\Code Igniter Project\Activity 2\system\rewrite.php(44): require_once('C:\\Users\\Harrol...')
#14 {main}

Next CodeIgniter\Database\Exceptions\DatabaseException: Unknown database 'ci4' in C:\Users\Harrold Gille\Downloads\codeigniter4-framework-v4.7.4-0-g67ead89\Code Igniter Project\Activity 2\system\Database\MySQLi\Connection.php:231
Stack trace:
#0 C:\Users\Harrold Gille\Downloads\codeigniter4-framework-v4.7.4-0-g67ead89\Code Igniter Project\Activity 2\system\Database\BaseConnection.php(555): CodeIgniter\Database\MySQLi\Connection->connect(false)
#1 C:\Users\Harrold Gille\Downloads\codeigniter4-framework-v4.7.4-0-g67ead89\Code Igniter Project\Activity 2\system\Database\BaseConnection.php(795): CodeIgniter\Database\BaseConnection->initialize()
#2 C:\Users\Harrold Gille\Downloads\codeigniter4-framework-v4.7.4-0-g67ead89\Code Igniter Project\Activity 2\system\Database\BaseBuilder.php(1659): CodeIgniter\Database\BaseConnection->query('SELECT *\nFROM `...', Array, false)
#3 C:\Users\Harrold Gille\Downloads\codeigniter4-framework-v4.7.4-0-g67ead89\Code Igniter Project\Activity 2\system\Model.php(255): CodeIgniter\Database\BaseBuilder->get()
#4 C:\Users\Harrold Gille\Downloads\codeigniter4-framework-v4.7.4-0-g67ead89\Code Igniter Project\Activity 2\system\BaseModel.php(676): CodeIgniter\Model->doFindAll(0, 0)
#5 C:\Users\Harrold Gille\Downloads\codeigniter4-framework-v4.7.4-0-g67ead89\Code Igniter Project\Activity 2\app\Controllers\Customers.php(13): CodeIgniter\BaseModel->findAll()
#6 C:\Users\Harrold Gille\Downloads\codeigniter4-framework-v4.7.4-0-g67ead89\Code Igniter Project\Activity 2\system\CodeIgniter.php(974): App\Controllers\Customers->index()
#7 C:\Users\Harrold Gille\Downloads\codeigniter4-framework-v4.7.4-0-g67ead89\Code Igniter Project\Activity 2\system\CodeIgniter.php(520): CodeIgniter\CodeIgniter->runController(Object(App\Controllers\Customers))
#8 C:\Users\Harrold Gille\Downloads\codeigniter4-framework-v4.7.4-0-g67ead89\Code Igniter Project\Activity 2\system\CodeIgniter.php(363): CodeIgniter\CodeIgniter->handleRequest(NULL, Object(Config\Cache), false)
#9 C:\Users\Harrold Gille\Downloads\codeigniter4-framework-v4.7.4-0-g67ead89\Code Igniter Project\Activity 2\system\Boot.php(417): CodeIgniter\CodeIgniter->run()
#10 C:\Users\Harrold Gille\Downloads\codeigniter4-framework-v4.7.4-0-g67ead89\Code Igniter Project\Activity 2\system\Boot.php(68): CodeIgniter\Boot::runCodeIgniter(Object(CodeIgniter\CodeIgniter))
#11 C:\Users\Harrold Gille\Downloads\codeigniter4-framework-v4.7.4-0-g67ead89\Code Igniter Project\Activity 2\public\index.php(59): CodeIgniter\Boot::bootWeb(Object(Config\Paths))
#12 C:\Users\Harrold Gille\Downloads\codeigniter4-framework-v4.7.4-0-g67ead89\Code Igniter Project\Activity 2\system\rewrite.php(44): require_once('C:\\Users\\Harrol...')
#13 {main}
CRITICAL - 2026-09-14 11:02:53 --> CodeIgniter\Database\Exceptions\DatabaseException: Unable to connect to the database.
Main connection [MySQLi]: Unknown database 'ci4'
[Method: GET, Route: customers]
in SYSTEMPATH\Database\BaseConnection.php on line 606.
 1 SYSTEMPATH\Database\BaseConnection.php(795): CodeIgniter\Database\BaseConnection->initialize()
 2 SYSTEMPATH\Database\BaseBuilder.php(1659): CodeIgniter\Database\BaseConnection->query('SELECT *
FROM `customers`', [], false)
 3 SYSTEMPATH\Model.php(255): CodeIgniter\Database\BaseBuilder->get()
 4 SYSTEMPATH\BaseModel.php(676): CodeIgniter\Model->doFindAll(0, 0)
 5 APPPATH\Controllers\Customers.php(13): CodeIgniter\BaseModel->findAll()
 6 SYSTEMPATH\CodeIgniter.php(974): App\Controllers\Customers->index()
 7 SYSTEMPATH\CodeIgniter.php(520): CodeIgniter\CodeIgniter->runController(Object(App\Controllers\Customers))
 8 SYSTEMPATH\CodeIgniter.php(363): CodeIgniter\CodeIgniter->handleRequest(null, Object(Config\Cache), false)
 9 SYSTEMPATH\Boot.php(417): CodeIgniter\CodeIgniter->run()
10 SYSTEMPATH\Boot.php(68): CodeIgniter\Boot::runCodeIgniter(Object(CodeIgniter\CodeIgniter))
11 FCPATH\index.php(59): CodeIgniter\Boot::bootWeb(Object(Config\Paths))
12 SYSTEMPATH\rewrite.php(44): require_once('C:\\Users\\Harrold Gille\\Downloads\\codeigniter4-framework-v4.7.4-0-g67ead89\\Code Igniter Project\\Activity 2\\public\\index.php')
ERROR - 2026-09-14 11:02:53 --> Error connecting to the database: mysqli_sql_exception: Unknown database 'ci4' in C:\Users\Harrold Gille\Downloads\codeigniter4-framework-v4.7.4-0-g67ead89\Code Igniter Project\Activity 2\system\Database\MySQLi\Connection.php:201
Stack trace:
#0 C:\Users\Harrold Gille\Downloads\codeigniter4-framework-v4.7.4-0-g67ead89\Code Igniter Project\Activity 2\system\Database\MySQLi\Connection.php(201): mysqli->real_connect('localhost', 'root', Object(SensitiveParameterValue), 'ci4', 3306, '', 0)
#1 C:\Users\Harrold Gille\Downloads\codeigniter4-framework-v4.7.4-0-g67ead89\Code Igniter Project\Activity 2\system\Database\BaseConnection.php(555): CodeIgniter\Database\MySQLi\Connection->connect(false)
#2 C:\Users\Harrold Gille\Downloads\codeigniter4-framework-v4.7.4-0-g67ead89\Code Igniter Project\Activity 2\system\Database\BaseConnection.php(795): CodeIgniter\Database\BaseConnection->initialize()
#3 C:\Users\Harrold Gille\Downloads\codeigniter4-framework-v4.7.4-0-g67ead89\Code Igniter Project\Activity 2\system\Database\BaseBuilder.php(1659): CodeIgniter\Database\BaseConnection->query('SELECT *\nFROM `...', Array, false)
#4 C:\Users\Harrold Gille\Downloads\codeigniter4-framework-v4.7.4-0-g67ead89\Code Igniter Project\Activity 2\system\Model.php(255): CodeIgniter\Database\BaseBuilder->get()
#5 C:\Users\Harrold Gille\Downloads\codeigniter4-framework-v4.7.4-0-g67ead89\Code Igniter Project\Activity 2\system\BaseModel.php(676): CodeIgniter\Model->doFindAll(0, 0)
#6 C:\Users\Harrold Gille\Downloads\codeigniter4-framework-v4.7.4-0-g67ead89\Code Igniter Project\Activity 2\app\Controllers\Customers.php(13): CodeIgniter\BaseModel->findAll()
#7 C:\Users\Harrold Gille\Downloads\codeigniter4-framework-v4.7.4-0-g67ead89\Code Igniter Project\Activity 2\system\CodeIgniter.php(974): App\Controllers\Customers->index()
#8 C:\Users\Harrold Gille\Downloads\codeigniter4-framework-v4.7.4-0-g67ead89\Code Igniter Project\Activity 2\system\CodeIgniter.php(520): CodeIgniter\CodeIgniter->runController(Object(App\Controllers\Customers))
#9 C:\Users\Harrold Gille\Downloads\codeigniter4-framework-v4.7.4-0-g67ead89\Code Igniter Project\Activity 2\system\CodeIgniter.php(363): CodeIgniter\CodeIgniter->handleRequest(NULL, Object(Config\Cache), false)
#10 C:\Users\Harrold Gille\Downloads\codeigniter4-framework-v4.7.4-0-g67ead89\Code Igniter Project\Activity 2\system\Boot.php(417): CodeIgniter\CodeIgniter->run()
#11 C:\Users\Harrold Gille\Downloads\codeigniter4-framework-v4.7.4-0-g67ead89\Code Igniter Project\Activity 2\system\Boot.php(68): CodeIgniter\Boot::runCodeIgniter(Object(CodeIgniter\CodeIgniter))
#12 C:\Users\Harrold Gille\Downloads\codeigniter4-framework-v4.7.4-0-g67ead89\Code Igniter Project\Activity 2\public\index.php(59): CodeIgniter\Boot::bootWeb(Object(Config\Paths))
#13 C:\Users\Harrold Gille\Downloads\codeigniter4-framework-v4.7.4-0-g67ead89\Code Igniter Project\Activity 2\system\rewrite.php(44): require_once('C:\\Users\\Harrol...')
#14 {main}

Next CodeIgniter\Database\Exceptions\DatabaseException: Unknown database 'ci4' in C:\Users\Harrold Gille\Downloads\codeigniter4-framework-v4.7.4-0-g67ead89\Code Igniter Project\Activity 2\system\Database\MySQLi\Connection.php:231
Stack trace:
#0 C:\Users\Harrold Gille\Downloads\codeigniter4-framework-v4.7.4-0-g67ead89\Code Igniter Project\Activity 2\system\Database\BaseConnection.php(555): CodeIgniter\Database\MySQLi\Connection->connect(false)
#1 C:\Users\Harrold Gille\Downloads\codeigniter4-framework-v4.7.4-0-g67ead89\Code Igniter Project\Activity 2\system\Database\BaseConnection.php(795): CodeIgniter\Database\BaseConnection->initialize()
#2 C:\Users\Harrold Gille\Downloads\codeigniter4-framework-v4.7.4-0-g67ead89\Code Igniter Project\Activity 2\system\Database\BaseBuilder.php(1659): CodeIgniter\Database\BaseConnection->query('SELECT *\nFROM `...', Array, false)
#3 C:\Users\Harrold Gille\Downloads\codeigniter4-framework-v4.7.4-0-g67ead89\Code Igniter Project\Activity 2\system\Model.php(255): CodeIgniter\Database\BaseBuilder->get()
#4 C:\Users\Harrold Gille\Downloads\codeigniter4-framework-v4.7.4-0-g67ead89\Code Igniter Project\Activity 2\system\BaseModel.php(676): CodeIgniter\Model->doFindAll(0, 0)
#5 C:\Users\Harrold Gille\Downloads\codeigniter4-framework-v4.7.4-0-g67ead89\Code Igniter Project\Activity 2\app\Controllers\Customers.php(13): CodeIgniter\BaseModel->findAll()
#6 C:\Users\Harrold Gille\Downloads\codeigniter4-framework-v4.7.4-0-g67ead89\Code Igniter Project\Activity 2\system\CodeIgniter.php(974): App\Controllers\Customers->index()
#7 C:\Users\Harrold Gille\Downloads\codeigniter4-framework-v4.7.4-0-g67ead89\Code Igniter Project\Activity 2\system\CodeIgniter.php(520): CodeIgniter\CodeIgniter->runController(Object(App\Controllers\Customers))
#8 C:\Users\Harrold Gille\Downloads\codeigniter4-framework-v4.7.4-0-g67ead89\Code Igniter Project\Activity 2\system\CodeIgniter.php(363): CodeIgniter\CodeIgniter->handleRequest(NULL, Object(Config\Cache), false)
#9 C:\Users\Harrold Gille\Downloads\codeigniter4-framework-v4.7.4-0-g67ead89\Code Igniter Project\Activity 2\system\Boot.php(417): CodeIgniter\CodeIgniter->run()
#10 C:\Users\Harrold Gille\Downloads\codeigniter4-framework-v4.7.4-0-g67ead89\Code Igniter Project\Activity 2\system\Boot.php(68): CodeIgniter\Boot::runCodeIgniter(Object(CodeIgniter\CodeIgniter))
#11 C:\Users\Harrold Gille\Downloads\codeigniter4-framework-v4.7.4-0-g67ead89\Code Igniter Project\Activity 2\public\index.php(59): CodeIgniter\Boot::bootWeb(Object(Config\Paths))
#12 C:\Users\Harrold Gille\Downloads\codeigniter4-framework-v4.7.4-0-g67ead89\Code Igniter Project\Activity 2\system\rewrite.php(44): require_once('C:\\Users\\Harrol...')
#13 {main}
CRITICAL - 2026-09-14 11:02:53 --> CodeIgniter\Database\Exceptions\DatabaseException: Unable to connect to the database.
Main connection [MySQLi]: Unknown database 'ci4'
[Method: GET, Route: customers]
in SYSTEMPATH\Database\BaseConnection.php on line 606.
 1 SYSTEMPATH\Database\BaseConnection.php(795): CodeIgniter\Database\BaseConnection->initialize()
 2 SYSTEMPATH\Database\BaseBuilder.php(1659): CodeIgniter\Database\BaseConnection->query('SELECT *
FROM `customers`', [], false)
 3 SYSTEMPATH\Model.php(255): CodeIgniter\Database\BaseBuilder->get()
 4 SYSTEMPATH\BaseModel.php(676): CodeIgniter\Model->doFindAll(0, 0)
 5 APPPATH\Controllers\Customers.php(13): CodeIgniter\BaseModel->findAll()
 6 SYSTEMPATH\CodeIgniter.php(974): App\Controllers\Customers->index()
 7 SYSTEMPATH\CodeIgniter.php(520): CodeIgniter\CodeIgniter->runController(Object(App\Controllers\Customers))
 8 SYSTEMPATH\CodeIgniter.php(363): CodeIgniter\CodeIgniter->handleRequest(null, Object(Config\Cache), false)
 9 SYSTEMPATH\Boot.php(417): CodeIgniter\CodeIgniter->run()
10 SYSTEMPATH\Boot.php(68): CodeIgniter\Boot::runCodeIgniter(Object(CodeIgniter\CodeIgniter))
11 FCPATH\index.php(59): CodeIgniter\Boot::bootWeb(Object(Config\Paths))
12 SYSTEMPATH\rewrite.php(44): require_once('C:\\Users\\Harrold Gille\\Downloads\\codeigniter4-framework-v4.7.4-0-g67ead89\\Code Igniter Project\\Activity 2\\public\\index.php')
ERROR - 2026-09-14 11:02:53 --> Error connecting to the database: mysqli_sql_exception: Unknown database 'ci4' in C:\Users\Harrold Gille\Downloads\codeigniter4-framework-v4.7.4-0-g67ead89\Code Igniter Project\Activity 2\system\Database\MySQLi\Connection.php:201
Stack trace:
#0 C:\Users\Harrold Gille\Downloads\codeigniter4-framework-v4.7.4-0-g67ead89\Code Igniter Project\Activity 2\system\Database\MySQLi\Connection.php(201): mysqli->real_connect('localhost', 'root', Object(SensitiveParameterValue), 'ci4', 3306, '', 0)
#1 C:\Users\Harrold Gille\Downloads\codeigniter4-framework-v4.7.4-0-g67ead89\Code Igniter Project\Activity 2\system\Database\BaseConnection.php(555): CodeIgniter\Database\MySQLi\Connection->connect(false)
#2 C:\Users\Harrold Gille\Downloads\codeigniter4-framework-v4.7.4-0-g67ead89\Code Igniter Project\Activity 2\system\Database\BaseConnection.php(795): CodeIgniter\Database\BaseConnection->initialize()
#3 C:\Users\Harrold Gille\Downloads\codeigniter4-framework-v4.7.4-0-g67ead89\Code Igniter Project\Activity 2\system\Database\BaseBuilder.php(1659): CodeIgniter\Database\BaseConnection->query('SELECT *\nFROM `...', Array, false)
#4 C:\Users\Harrold Gille\Downloads\codeigniter4-framework-v4.7.4-0-g67ead89\Code Igniter Project\Activity 2\system\Model.php(255): CodeIgniter\Database\BaseBuilder->get()
#5 C:\Users\Harrold Gille\Downloads\codeigniter4-framework-v4.7.4-0-g67ead89\Code Igniter Project\Activity 2\system\BaseModel.php(676): CodeIgniter\Model->doFindAll(0, 0)
#6 C:\Users\Harrold Gille\Downloads\codeigniter4-framework-v4.7.4-0-g67ead89\Code Igniter Project\Activity 2\app\Controllers\Customers.php(13): CodeIgniter\BaseModel->findAll()
#7 C:\Users\Harrold Gille\Downloads\codeigniter4-framework-v4.7.4-0-g67ead89\Code Igniter Project\Activity 2\system\CodeIgniter.php(974): App\Controllers\Customers->index()
#8 C:\Users\Harrold Gille\Downloads\codeigniter4-framework-v4.7.4-0-g67ead89\Code Igniter Project\Activity 2\system\CodeIgniter.php(520): CodeIgniter\CodeIgniter->runController(Object(App\Controllers\Customers))
#9 C:\Users\Harrold Gille\Downloads\codeigniter4-framework-v4.7.4-0-g67ead89\Code Igniter Project\Activity 2\system\CodeIgniter.php(363): CodeIgniter\CodeIgniter->handleRequest(NULL, Object(Config\Cache), false)
#10 C:\Users\Harrold Gille\Downloads\codeigniter4-framework-v4.7.4-0-g67ead89\Code Igniter Project\Activity 2\system\Boot.php(417): CodeIgniter\CodeIgniter->run()
#11 C:\Users\Harrold Gille\Downloads\codeigniter4-framework-v4.7.4-0-g67ead89\Code Igniter Project\Activity 2\system\Boot.php(68): CodeIgniter\Boot::runCodeIgniter(Object(CodeIgniter\CodeIgniter))
#12 C:\Users\Harrold Gille\Downloads\codeigniter4-framework-v4.7.4-0-g67ead89\Code Igniter Project\Activity 2\public\index.php(59): CodeIgniter\Boot::bootWeb(Object(Config\Paths))
#13 C:\Users\Harrold Gille\Downloads\codeigniter4-framework-v4.7.4-0-g67ead89\Code Igniter Project\Activity 2\system\rewrite.php(44): require_once('C:\\Users\\Harrol...')
#14 {main}

Next CodeIgniter\Database\Exceptions\DatabaseException: Unknown database 'ci4' in C:\Users\Harrold Gille\Downloads\codeigniter4-framework-v4.7.4-0-g67ead89\Code Igniter Project\Activity 2\system\Database\MySQLi\Connection.php:231
Stack trace:
#0 C:\Users\Harrold Gille\Downloads\codeigniter4-framework-v4.7.4-0-g67ead89\Code Igniter Project\Activity 2\system\Database\BaseConnection.php(555): CodeIgniter\Database\MySQLi\Connection->connect(false)
#1 C:\Users\Harrold Gille\Downloads\codeigniter4-framework-v4.7.4-0-g67ead89\Code Igniter Project\Activity 2\system\Database\BaseConnection.php(795): CodeIgniter\Database\BaseConnection->initialize()
#2 C:\Users\Harrold Gille\Downloads\codeigniter4-framework-v4.7.4-0-g67ead89\Code Igniter Project\Activity 2\system\Database\BaseBuilder.php(1659): CodeIgniter\Database\BaseConnection->query('SELECT *\nFROM `...', Array, false)
#3 C:\Users\Harrold Gille\Downloads\codeigniter4-framework-v4.7.4-0-g67ead89\Code Igniter Project\Activity 2\system\Model.php(255): CodeIgniter\Database\BaseBuilder->get()
#4 C:\Users\Harrold Gille\Downloads\codeigniter4-framework-v4.7.4-0-g67ead89\Code Igniter Project\Activity 2\system\BaseModel.php(676): CodeIgniter\Model->doFindAll(0, 0)
#5 C:\Users\Harrold Gille\Downloads\codeigniter4-framework-v4.7.4-0-g67ead89\Code Igniter Project\Activity 2\app\Controllers\Customers.php(13): CodeIgniter\BaseModel->findAll()
#6 C:\Users\Harrold Gille\Downloads\codeigniter4-framework-v4.7.4-0-g67ead89\Code Igniter Project\Activity 2\system\CodeIgniter.php(974): App\Controllers\Customers->index()
#7 C:\Users\Harrold Gille\Downloads\codeigniter4-framework-v4.7.4-0-g67ead89\Code Igniter Project\Activity 2\system\CodeIgniter.php(520): CodeIgniter\CodeIgniter->runController(Object(App\Controllers\Customers))
#8 C:\Users\Harrold Gille\Downloads\codeigniter4-framework-v4.7.4-0-g67ead89\Code Igniter Project\Activity 2\system\CodeIgniter.php(363): CodeIgniter\CodeIgniter->handleRequest(NULL, Object(Config\Cache), false)
#9 C:\Users\Harrold Gille\Downloads\codeigniter4-framework-v4.7.4-0-g67ead89\Code Igniter Project\Activity 2\system\Boot.php(417): CodeIgniter\CodeIgniter->run()
#10 C:\Users\Harrold Gille\Downloads\codeigniter4-framework-v4.7.4-0-g67ead89\Code Igniter Project\Activity 2\system\Boot.php(68): CodeIgniter\Boot::runCodeIgniter(Object(CodeIgniter\CodeIgniter))
#11 C:\Users\Harrold Gille\Downloads\codeigniter4-framework-v4.7.4-0-g67ead89\Code Igniter Project\Activity 2\public\index.php(59): CodeIgniter\Boot::bootWeb(Object(Config\Paths))
#12 C:\Users\Harrold Gille\Downloads\codeigniter4-framework-v4.7.4-0-g67ead89\Code Igniter Project\Activity 2\system\rewrite.php(44): require_once('C:\\Users\\Harrol...')
#13 {main}
CRITICAL - 2026-09-14 11:02:53 --> CodeIgniter\Database\Exceptions\DatabaseException: Unable to connect to the database.
Main connection [MySQLi]: Unknown database 'ci4'
[Method: GET, Route: customers]
in SYSTEMPATH\Database\BaseConnection.php on line 606.
 1 SYSTEMPATH\Database\BaseConnection.php(795): CodeIgniter\Database\BaseConnection->initialize()
 2 SYSTEMPATH\Database\BaseBuilder.php(1659): CodeIgniter\Database\BaseConnection->query('SELECT *
FROM `customers`', [], false)
 3 SYSTEMPATH\Model.php(255): CodeIgniter\Database\BaseBuilder->get()
 4 SYSTEMPATH\BaseModel.php(676): CodeIgniter\Model->doFindAll(0, 0)
 5 APPPATH\Controllers\Customers.php(13): CodeIgniter\BaseModel->findAll()
 6 SYSTEMPATH\CodeIgniter.php(974): App\Controllers\Customers->index()
 7 SYSTEMPATH\CodeIgniter.php(520): CodeIgniter\CodeIgniter->runController(Object(App\Controllers\Customers))
 8 SYSTEMPATH\CodeIgniter.php(363): CodeIgniter\CodeIgniter->handleRequest(null, Object(Config\Cache), false)
 9 SYSTEMPATH\Boot.php(417): CodeIgniter\CodeIgniter->run()
10 SYSTEMPATH\Boot.php(68): CodeIgniter\Boot::runCodeIgniter(Object(CodeIgniter\CodeIgniter))
11 FCPATH\index.php(59): CodeIgniter\Boot::bootWeb(Object(Config\Paths))
12 SYSTEMPATH\rewrite.php(44): require_once('C:\\Users\\Harrold Gille\\Downloads\\codeigniter4-framework-v4.7.4-0-g67ead89\\Code Igniter Project\\Activity 2\\public\\index.php')
ERROR - 2026-09-14 11:02:54 --> Error connecting to the database: mysqli_sql_exception: Unknown database 'ci4' in C:\Users\Harrold Gille\Downloads\codeigniter4-framework-v4.7.4-0-g67ead89\Code Igniter Project\Activity 2\system\Database\MySQLi\Connection.php:201
Stack trace:
#0 C:\Users\Harrold Gille\Downloads\codeigniter4-framework-v4.7.4-0-g67ead89\Code Igniter Project\Activity 2\system\Database\MySQLi\Connection.php(201): mysqli->real_connect('localhost', 'root', Object(SensitiveParameterValue), 'ci4', 3306, '', 0)
#1 C:\Users\Harrold Gille\Downloads\codeigniter4-framework-v4.7.4-0-g67ead89\Code Igniter Project\Activity 2\system\Database\BaseConnection.php(555): CodeIgniter\Database\MySQLi\Connection->connect(false)
#2 C:\Users\Harrold Gille\Downloads\codeigniter4-framework-v4.7.4-0-g67ead89\Code Igniter Project\Activity 2\system\Database\BaseConnection.php(795): CodeIgniter\Database\BaseConnection->initialize()
#3 C:\Users\Harrold Gille\Downloads\codeigniter4-framework-v4.7.4-0-g67ead89\Code Igniter Project\Activity 2\system\Database\BaseBuilder.php(1659): CodeIgniter\Database\BaseConnection->query('SELECT *\nFROM `...', Array, false)
#4 C:\Users\Harrold Gille\Downloads\codeigniter4-framework-v4.7.4-0-g67ead89\Code Igniter Project\Activity 2\system\Model.php(255): CodeIgniter\Database\BaseBuilder->get()
#5 C:\Users\Harrold Gille\Downloads\codeigniter4-framework-v4.7.4-0-g67ead89\Code Igniter Project\Activity 2\system\BaseModel.php(676): CodeIgniter\Model->doFindAll(0, 0)
#6 C:\Users\Harrold Gille\Downloads\codeigniter4-framework-v4.7.4-0-g67ead89\Code Igniter Project\Activity 2\app\Controllers\Customers.php(13): CodeIgniter\BaseModel->findAll()
#7 C:\Users\Harrold Gille\Downloads\codeigniter4-framework-v4.7.4-0-g67ead89\Code Igniter Project\Activity 2\system\CodeIgniter.php(974): App\Controllers\Customers->index()
#8 C:\Users\Harrold Gille\Downloads\codeigniter4-framework-v4.7.4-0-g67ead89\Code Igniter Project\Activity 2\system\CodeIgniter.php(520): CodeIgniter\CodeIgniter->runController(Object(App\Controllers\Customers))
#9 C:\Users\Harrold Gille\Downloads\codeigniter4-framework-v4.7.4-0-g67ead89\Code Igniter Project\Activity 2\system\CodeIgniter.php(363): CodeIgniter\CodeIgniter->handleRequest(NULL, Object(Config\Cache), false)
#10 C:\Users\Harrold Gille\Downloads\codeigniter4-framework-v4.7.4-0-g67ead89\Code Igniter Project\Activity 2\system\Boot.php(417): CodeIgniter\CodeIgniter->run()
#11 C:\Users\Harrold Gille\Downloads\codeigniter4-framework-v4.7.4-0-g67ead89\Code Igniter Project\Activity 2\system\Boot.php(68): CodeIgniter\Boot::runCodeIgniter(Object(CodeIgniter\CodeIgniter))
#12 C:\Users\Harrold Gille\Downloads\codeigniter4-framework-v4.7.4-0-g67ead89\Code Igniter Project\Activity 2\public\index.php(59): CodeIgniter\Boot::bootWeb(Object(Config\Paths))
#13 C:\Users\Harrold Gille\Downloads\codeigniter4-framework-v4.7.4-0-g67ead89\Code Igniter Project\Activity 2\system\rewrite.php(44): require_once('C:\\Users\\Harrol...')
#14 {main}

Next CodeIgniter\Database\Exceptions\DatabaseException: Unknown database 'ci4' in C:\Users\Harrold Gille\Downloads\codeigniter4-framework-v4.7.4-0-g67ead89\Code Igniter Project\Activity 2\system\Database\MySQLi\Connection.php:231
Stack trace:
#0 C:\Users\Harrold Gille\Downloads\codeigniter4-framework-v4.7.4-0-g67ead89\Code Igniter Project\Activity 2\system\Database\BaseConnection.php(555): CodeIgniter\Database\MySQLi\Connection->connect(false)
#1 C:\Users\Harrold Gille\Downloads\codeigniter4-framework-v4.7.4-0-g67ead89\Code Igniter Project\Activity 2\system\Database\BaseConnection.php(795): CodeIgniter\Database\BaseConnection->initialize()
#2 C:\Users\Harrold Gille\Downloads\codeigniter4-framework-v4.7.4-0-g67ead89\Code Igniter Project\Activity 2\system\Database\BaseBuilder.php(1659): CodeIgniter\Database\BaseConnection->query('SELECT *\nFROM `...', Array, false)
#3 C:\Users\Harrold Gille\Downloads\codeigniter4-framework-v4.7.4-0-g67ead89\Code Igniter Project\Activity 2\system\Model.php(255): CodeIgniter\Database\BaseBuilder->get()
#4 C:\Users\Harrold Gille\Downloads\codeigniter4-framework-v4.7.4-0-g67ead89\Code Igniter Project\Activity 2\system\BaseModel.php(676): CodeIgniter\Model->doFindAll(0, 0)
#5 C:\Users\Harrold Gille\Downloads\codeigniter4-framework-v4.7.4-0-g67ead89\Code Igniter Project\Activity 2\app\Controllers\Customers.php(13): CodeIgniter\BaseModel->findAll()
#6 C:\Users\Harrold Gille\Downloads\codeigniter4-framework-v4.7.4-0-g67ead89\Code Igniter Project\Activity 2\system\CodeIgniter.php(974): App\Controllers\Customers->index()
#7 C:\Users\Harrold Gille\Downloads\codeigniter4-framework-v4.7.4-0-g67ead89\Code Igniter Project\Activity 2\system\CodeIgniter.php(520): CodeIgniter\CodeIgniter->runController(Object(App\Controllers\Customers))
#8 C:\Users\Harrold Gille\Downloads\codeigniter4-framework-v4.7.4-0-g67ead89\Code Igniter Project\Activity 2\system\CodeIgniter.php(363): CodeIgniter\CodeIgniter->handleRequest(NULL, Object(Config\Cache), false)
#9 C:\Users\Harrold Gille\Downloads\codeigniter4-framework-v4.7.4-0-g67ead89\Code Igniter Project\Activity 2\system\Boot.php(417): CodeIgniter\CodeIgniter->run()
#10 C:\Users\Harrold Gille\Downloads\codeigniter4-framework-v4.7.4-0-g67ead89\Code Igniter Project\Activity 2\system\Boot.php(68): CodeIgniter\Boot::runCodeIgniter(Object(CodeIgniter\CodeIgniter))
#11 C:\Users\Harrold Gille\Downloads\codeigniter4-framework-v4.7.4-0-g67ead89\Code Igniter Project\Activity 2\public\index.php(59): CodeIgniter\Boot::bootWeb(Object(Config\Paths))
#12 C:\Users\Harrold Gille\Downloads\codeigniter4-framework-v4.7.4-0-g67ead89\Code Igniter Project\Activity 2\system\rewrite.php(44): require_once('C:\\Users\\Harrol...')
#13 {main}
CRITICAL - 2026-09-14 11:02:54 --> CodeIgniter\Database\Exceptions\DatabaseException: Unable to connect to the database.
Main connection [MySQLi]: Unknown database 'ci4'
[Method: GET, Route: customers]
in SYSTEMPATH\Database\BaseConnection.php on line 606.
 1 SYSTEMPATH\Database\BaseConnection.php(795): CodeIgniter\Database\BaseConnection->initialize()
 2 SYSTEMPATH\Database\BaseBuilder.php(1659): CodeIgniter\Database\BaseConnection->query('SELECT *
FROM `customers`', [], false)
 3 SYSTEMPATH\Model.php(255): CodeIgniter\Database\BaseBuilder->get()
 4 SYSTEMPATH\BaseModel.php(676): CodeIgniter\Model->doFindAll(0, 0)
 5 APPPATH\Controllers\Customers.php(13): CodeIgniter\BaseModel->findAll()
 6 SYSTEMPATH\CodeIgniter.php(974): App\Controllers\Customers->index()
 7 SYSTEMPATH\CodeIgniter.php(520): CodeIgniter\CodeIgniter->runController(Object(App\Controllers\Customers))
 8 SYSTEMPATH\CodeIgniter.php(363): CodeIgniter\CodeIgniter->handleRequest(null, Object(Config\Cache), false)
 9 SYSTEMPATH\Boot.php(417): CodeIgniter\CodeIgniter->run()
10 SYSTEMPATH\Boot.php(68): CodeIgniter\Boot::runCodeIgniter(Object(CodeIgniter\CodeIgniter))
11 FCPATH\index.php(59): CodeIgniter\Boot::bootWeb(Object(Config\Paths))
12 SYSTEMPATH\rewrite.php(44): require_once('C:\\Users\\Harrold Gille\\Downloads\\codeigniter4-framework-v4.7.4-0-g67ead89\\Code Igniter Project\\Activity 2\\public\\index.php')
ERROR - 2026-09-14 11:04:19 --> Error connecting to the database: mysqli_sql_exception: Unknown database 'ci4' in C:\Users\Harrold Gille\Downloads\codeigniter4-framework-v4.7.4-0-g67ead89\Code Igniter Project\Activity 2\system\Database\MySQLi\Connection.php:201
Stack trace:
#0 C:\Users\Harrold Gille\Downloads\codeigniter4-framework-v4.7.4-0-g67ead89\Code Igniter Project\Activity 2\system\Database\MySQLi\Connection.php(201): mysqli->real_connect('localhost', 'root', Object(SensitiveParameterValue), 'ci4', 3306, '', 0)
#1 C:\Users\Harrold Gille\Downloads\codeigniter4-framework-v4.7.4-0-g67ead89\Code Igniter Project\Activity 2\system\Database\BaseConnection.php(555): CodeIgniter\Database\MySQLi\Connection->connect(false)
#2 C:\Users\Harrold Gille\Downloads\codeigniter4-framework-v4.7.4-0-g67ead89\Code Igniter Project\Activity 2\system\Database\BaseConnection.php(795): CodeIgniter\Database\BaseConnection->initialize()
#3 C:\Users\Harrold Gille\Downloads\codeigniter4-framework-v4.7.4-0-g67ead89\Code Igniter Project\Activity 2\system\Database\BaseBuilder.php(1659): CodeIgniter\Database\BaseConnection->query('SELECT *\nFROM `...', Array, false)
#4 C:\Users\Harrold Gille\Downloads\codeigniter4-framework-v4.7.4-0-g67ead89\Code Igniter Project\Activity 2\system\Model.php(255): CodeIgniter\Database\BaseBuilder->get()
#5 C:\Users\Harrold Gille\Downloads\codeigniter4-framework-v4.7.4-0-g67ead89\Code Igniter Project\Activity 2\system\BaseModel.php(676): CodeIgniter\Model->doFindAll(0, 0)
#6 C:\Users\Harrold Gille\Downloads\codeigniter4-framework-v4.7.4-0-g67ead89\Code Igniter Project\Activity 2\app\Controllers\Customers.php(13): CodeIgniter\BaseModel->findAll()
#7 C:\Users\Harrold Gille\Downloads\codeigniter4-framework-v4.7.4-0-g67ead89\Code Igniter Project\Activity 2\system\CodeIgniter.php(974): App\Controllers\Customers->index()
#8 C:\Users\Harrold Gille\Downloads\codeigniter4-framework-v4.7.4-0-g67ead89\Code Igniter Project\Activity 2\system\CodeIgniter.php(520): CodeIgniter\CodeIgniter->runController(Object(App\Controllers\Customers))
#9 C:\Users\Harrold Gille\Downloads\codeigniter4-framework-v4.7.4-0-g67ead89\Code Igniter Project\Activity 2\system\CodeIgniter.php(363): CodeIgniter\CodeIgniter->handleRequest(NULL, Object(Config\Cache), false)
#10 C:\Users\Harrold Gille\Downloads\codeigniter4-framework-v4.7.4-0-g67ead89\Code Igniter Project\Activity 2\system\Boot.php(417): CodeIgniter\CodeIgniter->run()
#11 C:\Users\Harrold Gille\Downloads\codeigniter4-framework-v4.7.4-0-g67ead89\Code Igniter Project\Activity 2\system\Boot.php(68): CodeIgniter\Boot::runCodeIgniter(Object(CodeIgniter\CodeIgniter))
#12 C:\Users\Harrold Gille\Downloads\codeigniter4-framework-v4.7.4-0-g67ead89\Code Igniter Project\Activity 2\public\index.php(59): CodeIgniter\Boot::bootWeb(Object(Config\Paths))
#13 C:\Users\Harrold Gille\Downloads\codeigniter4-framework-v4.7.4-0-g67ead89\Code Igniter Project\Activity 2\system\rewrite.php(44): require_once('C:\\Users\\Harrol...')
#14 {main}

Next CodeIgniter\Database\Exceptions\DatabaseException: Unknown database 'ci4' in C:\Users\Harrold Gille\Downloads\codeigniter4-framework-v4.7.4-0-g67ead89\Code Igniter Project\Activity 2\system\Database\MySQLi\Connection.php:231
Stack trace:
#0 C:\Users\Harrold Gille\Downloads\codeigniter4-framework-v4.7.4-0-g67ead89\Code Igniter Project\Activity 2\system\Database\BaseConnection.php(555): CodeIgniter\Database\MySQLi\Connection->connect(false)
#1 C:\Users\Harrold Gille\Downloads\codeigniter4-framework-v4.7.4-0-g67ead89\Code Igniter Project\Activity 2\system\Database\BaseConnection.php(795): CodeIgniter\Database\BaseConnection->initialize()
#2 C:\Users\Harrold Gille\Downloads\codeigniter4-framework-v4.7.4-0-g67ead89\Code Igniter Project\Activity 2\system\Database\BaseBuilder.php(1659): CodeIgniter\Database\BaseConnection->query('SELECT *\nFROM `...', Array, false)
#3 C:\Users\Harrold Gille\Downloads\codeigniter4-framework-v4.7.4-0-g67ead89\Code Igniter Project\Activity 2\system\Model.php(255): CodeIgniter\Database\BaseBuilder->get()
#4 C:\Users\Harrold Gille\Downloads\codeigniter4-framework-v4.7.4-0-g67ead89\Code Igniter Project\Activity 2\system\BaseModel.php(676): CodeIgniter\Model->doFindAll(0, 0)
#5 C:\Users\Harrold Gille\Downloads\codeigniter4-framework-v4.7.4-0-g67ead89\Code Igniter Project\Activity 2\app\Controllers\Customers.php(13): CodeIgniter\BaseModel->findAll()
#6 C:\Users\Harrold Gille\Downloads\codeigniter4-framework-v4.7.4-0-g67ead89\Code Igniter Project\Activity 2\system\CodeIgniter.php(974): App\Controllers\Customers->index()
#7 C:\Users\Harrold Gille\Downloads\codeigniter4-framework-v4.7.4-0-g67ead89\Code Igniter Project\Activity 2\system\CodeIgniter.php(520): CodeIgniter\CodeIgniter->runController(Object(App\Controllers\Customers))
#8 C:\Users\Harrold Gille\Downloads\codeigniter4-framework-v4.7.4-0-g67ead89\Code Igniter Project\Activity 2\system\CodeIgniter.php(363): CodeIgniter\CodeIgniter->handleRequest(NULL, Object(Config\Cache), false)
#9 C:\Users\Harrold Gille\Downloads\codeigniter4-framework-v4.7.4-0-g67ead89\Code Igniter Project\Activity 2\system\Boot.php(417): CodeIgniter\CodeIgniter->run()
#10 C:\Users\Harrold Gille\Downloads\codeigniter4-framework-v4.7.4-0-g67ead89\Code Igniter Project\Activity 2\system\Boot.php(68): CodeIgniter\Boot::runCodeIgniter(Object(CodeIgniter\CodeIgniter))
#11 C:\Users\Harrold Gille\Downloads\codeigniter4-framework-v4.7.4-0-g67ead89\Code Igniter Project\Activity 2\public\index.php(59): CodeIgniter\Boot::bootWeb(Object(Config\Paths))
#12 C:\Users\Harrold Gille\Downloads\codeigniter4-framework-v4.7.4-0-g67ead89\Code Igniter Project\Activity 2\system\rewrite.php(44): require_once('C:\\Users\\Harrol...')
#13 {main}
CRITICAL - 2026-09-14 11:04:19 --> CodeIgniter\Database\Exceptions\DatabaseException: Unable to connect to the database.
Main connection [MySQLi]: Unknown database 'ci4'
[Method: GET, Route: customers]
in SYSTEMPATH\Database\BaseConnection.php on line 606.
 1 SYSTEMPATH\Database\BaseConnection.php(795): CodeIgniter\Database\BaseConnection->initialize()
 2 SYSTEMPATH\Database\BaseBuilder.php(1659): CodeIgniter\Database\BaseConnection->query('SELECT *
FROM `customers`', [], false)
 3 SYSTEMPATH\Model.php(255): CodeIgniter\Database\BaseBuilder->get()
 4 SYSTEMPATH\BaseModel.php(676): CodeIgniter\Model->doFindAll(0, 0)
 5 APPPATH\Controllers\Customers.php(13): CodeIgniter\BaseModel->findAll()
 6 SYSTEMPATH\CodeIgniter.php(974): App\Controllers\Customers->index()
 7 SYSTEMPATH\CodeIgniter.php(520): CodeIgniter\CodeIgniter->runController(Object(App\Controllers\Customers))
 8 SYSTEMPATH\CodeIgniter.php(363): CodeIgniter\CodeIgniter->handleRequest(null, Object(Config\Cache), false)
 9 SYSTEMPATH\Boot.php(417): CodeIgniter\CodeIgniter->run()
10 SYSTEMPATH\Boot.php(68): CodeIgniter\Boot::runCodeIgniter(Object(CodeIgniter\CodeIgniter))
11 FCPATH\index.php(59): CodeIgniter\Boot::bootWeb(Object(Config\Paths))
12 SYSTEMPATH\rewrite.php(44): require_once('C:\\Users\\Harrold Gille\\Downloads\\codeigniter4-framework-v4.7.4-0-g67ead89\\Code Igniter Project\\Activity 2\\public\\index.php')
ERROR - 2026-09-14 11:05:11 --> Error connecting to the database: mysqli_sql_exception: Unknown database 'ci4' in C:\Users\Harrold Gille\Downloads\codeigniter4-framework-v4.7.4-0-g67ead89\Code Igniter Project\Activity 2\system\Database\MySQLi\Connection.php:201
Stack trace:
#0 C:\Users\Harrold Gille\Downloads\codeigniter4-framework-v4.7.4-0-g67ead89\Code Igniter Project\Activity 2\system\Database\MySQLi\Connection.php(201): mysqli->real_connect('localhost', 'root', Object(SensitiveParameterValue), 'ci4', 3306, '', 0)
#1 C:\Users\Harrold Gille\Downloads\codeigniter4-framework-v4.7.4-0-g67ead89\Code Igniter Project\Activity 2\system\Database\BaseConnection.php(555): CodeIgniter\Database\MySQLi\Connection->connect(false)
#2 C:\Users\Harrold Gille\Downloads\codeigniter4-framework-v4.7.4-0-g67ead89\Code Igniter Project\Activity 2\system\Database\BaseConnection.php(795): CodeIgniter\Database\BaseConnection->initialize()
#3 C:\Users\Harrold Gille\Downloads\codeigniter4-framework-v4.7.4-0-g67ead89\Code Igniter Project\Activity 2\system\Database\BaseBuilder.php(1659): CodeIgniter\Database\BaseConnection->query('SELECT *\nFROM `...', Array, false)
#4 C:\Users\Harrold Gille\Downloads\codeigniter4-framework-v4.7.4-0-g67ead89\Code Igniter Project\Activity 2\system\Model.php(255): CodeIgniter\Database\BaseBuilder->get()
#5 C:\Users\Harrold Gille\Downloads\codeigniter4-framework-v4.7.4-0-g67ead89\Code Igniter Project\Activity 2\system\BaseModel.php(676): CodeIgniter\Model->doFindAll(0, 0)
#6 C:\Users\Harrold Gille\Downloads\codeigniter4-framework-v4.7.4-0-g67ead89\Code Igniter Project\Activity 2\app\Controllers\Customers.php(13): CodeIgniter\BaseModel->findAll()
#7 C:\Users\Harrold Gille\Downloads\codeigniter4-framework-v4.7.4-0-g67ead89\Code Igniter Project\Activity 2\system\CodeIgniter.php(974): App\Controllers\Customers->index()
#8 C:\Users\Harrold Gille\Downloads\codeigniter4-framework-v4.7.4-0-g67ead89\Code Igniter Project\Activity 2\system\CodeIgniter.php(520): CodeIgniter\CodeIgniter->runController(Object(App\Controllers\Customers))
#9 C:\Users\Harrold Gille\Downloads\codeigniter4-framework-v4.7.4-0-g67ead89\Code Igniter Project\Activity 2\system\CodeIgniter.php(363): CodeIgniter\CodeIgniter->handleRequest(NULL, Object(Config\Cache), false)
#10 C:\Users\Harrold Gille\Downloads\codeigniter4-framework-v4.7.4-0-g67ead89\Code Igniter Project\Activity 2\system\Boot.php(417): CodeIgniter\CodeIgniter->run()
#11 C:\Users\Harrold Gille\Downloads\codeigniter4-framework-v4.7.4-0-g67ead89\Code Igniter Project\Activity 2\system\Boot.php(68): CodeIgniter\Boot::runCodeIgniter(Object(CodeIgniter\CodeIgniter))
#12 C:\Users\Harrold Gille\Downloads\codeigniter4-framework-v4.7.4-0-g67ead89\Code Igniter Project\Activity 2\public\index.php(59): CodeIgniter\Boot::bootWeb(Object(Config\Paths))
#13 C:\Users\Harrold Gille\Downloads\codeigniter4-framework-v4.7.4-0-g67ead89\Code Igniter Project\Activity 2\system\rewrite.php(44): require_once('C:\\Users\\Harrol...')
#14 {main}

Next CodeIgniter\Database\Exceptions\DatabaseException: Unknown database 'ci4' in C:\Users\Harrold Gille\Downloads\codeigniter4-framework-v4.7.4-0-g67ead89\Code Igniter Project\Activity 2\system\Database\MySQLi\Connection.php:231
Stack trace:
#0 C:\Users\Harrold Gille\Downloads\codeigniter4-framework-v4.7.4-0-g67ead89\Code Igniter Project\Activity 2\system\Database\BaseConnection.php(555): CodeIgniter\Database\MySQLi\Connection->connect(false)
#1 C:\Users\Harrold Gille\Downloads\codeigniter4-framework-v4.7.4-0-g67ead89\Code Igniter Project\Activity 2\system\Database\BaseConnection.php(795): CodeIgniter\Database\BaseConnection->initialize()
#2 C:\Users\Harrold Gille\Downloads\codeigniter4-framework-v4.7.4-0-g67ead89\Code Igniter Project\Activity 2\system\Database\BaseBuilder.php(1659): CodeIgniter\Database\BaseConnection->query('SELECT *\nFROM `...', Array, false)
#3 C:\Users\Harrold Gille\Downloads\codeigniter4-framework-v4.7.4-0-g67ead89\Code Igniter Project\Activity 2\system\Model.php(255): CodeIgniter\Database\BaseBuilder->get()
#4 C:\Users\Harrold Gille\Downloads\codeigniter4-framework-v4.7.4-0-g67ead89\Code Igniter Project\Activity 2\system\BaseModel.php(676): CodeIgniter\Model->doFindAll(0, 0)
#5 C:\Users\Harrold Gille\Downloads\codeigniter4-framework-v4.7.4-0-g67ead89\Code Igniter Project\Activity 2\app\Controllers\Customers.php(13): CodeIgniter\BaseModel->findAll()
#6 C:\Users\Harrold Gille\Downloads\codeigniter4-framework-v4.7.4-0-g67ead89\Code Igniter Project\Activity 2\system\CodeIgniter.php(974): App\Controllers\Customers->index()
#7 C:\Users\Harrold Gille\Downloads\codeigniter4-framework-v4.7.4-0-g67ead89\Code Igniter Project\Activity 2\system\CodeIgniter.php(520): CodeIgniter\CodeIgniter->runController(Object(App\Controllers\Customers))
#8 C:\Users\Harrold Gille\Downloads\codeigniter4-framework-v4.7.4-0-g67ead89\Code Igniter Project\Activity 2\system\CodeIgniter.php(363): CodeIgniter\CodeIgniter->handleRequest(NULL, Object(Config\Cache), false)
#9 C:\Users\Harrold Gille\Downloads\codeigniter4-framework-v4.7.4-0-g67ead89\Code Igniter Project\Activity 2\system\Boot.php(417): CodeIgniter\CodeIgniter->run()
#10 C:\Users\Harrold Gille\Downloads\codeigniter4-framework-v4.7.4-0-g67ead89\Code Igniter Project\Activity 2\system\Boot.php(68): CodeIgniter\Boot::runCodeIgniter(Object(CodeIgniter\CodeIgniter))
#11 C:\Users\Harrold Gille\Downloads\codeigniter4-framework-v4.7.4-0-g67ead89\Code Igniter Project\Activity 2\public\index.php(59): CodeIgniter\Boot::bootWeb(Object(Config\Paths))
#12 C:\Users\Harrold Gille\Downloads\codeigniter4-framework-v4.7.4-0-g67ead89\Code Igniter Project\Activity 2\system\rewrite.php(44): require_once('C:\\Users\\Harrol...')
#13 {main}
CRITICAL - 2026-09-14 11:05:11 --> CodeIgniter\Database\Exceptions\DatabaseException: Unable to connect to the database.
Main connection [MySQLi]: Unknown database 'ci4'
[Method: GET, Route: customers]
in SYSTEMPATH\Database\BaseConnection.php on line 606.
 1 SYSTEMPATH\Database\BaseConnection.php(795): CodeIgniter\Database\BaseConnection->initialize()
 2 SYSTEMPATH\Database\BaseBuilder.php(1659): CodeIgniter\Database\BaseConnection->query('SELECT *
FROM `customers`', [], false)
 3 SYSTEMPATH\Model.php(255): CodeIgniter\Database\BaseBuilder->get()
 4 SYSTEMPATH\BaseModel.php(676): CodeIgniter\Model->doFindAll(0, 0)
 5 APPPATH\Controllers\Customers.php(13): CodeIgniter\BaseModel->findAll()
 6 SYSTEMPATH\CodeIgniter.php(974): App\Controllers\Customers->index()
 7 SYSTEMPATH\CodeIgniter.php(520): CodeIgniter\CodeIgniter->runController(Object(App\Controllers\Customers))
 8 SYSTEMPATH\CodeIgniter.php(363): CodeIgniter\CodeIgniter->handleRequest(null, Object(Config\Cache), false)
 9 SYSTEMPATH\Boot.php(417): CodeIgniter\CodeIgniter->run()
10 SYSTEMPATH\Boot.php(68): CodeIgniter\Boot::runCodeIgniter(Object(CodeIgniter\CodeIgniter))
11 FCPATH\index.php(59): CodeIgniter\Boot::bootWeb(Object(Config\Paths))
12 SYSTEMPATH\rewrite.php(44): require_once('C:\\Users\\Harrold Gille\\Downloads\\codeigniter4-framework-v4.7.4-0-g67ead89\\Code Igniter Project\\Activity 2\\public\\index.php')
ERROR - 2026-09-14 11:05:11 --> Error connecting to the database: mysqli_sql_exception: Unknown database 'ci4' in C:\Users\Harrold Gille\Downloads\codeigniter4-framework-v4.7.4-0-g67ead89\Code Igniter Project\Activity 2\system\Database\MySQLi\Connection.php:201
Stack trace:
#0 C:\Users\Harrold Gille\Downloads\codeigniter4-framework-v4.7.4-0-g67ead89\Code Igniter Project\Activity 2\system\Database\MySQLi\Connection.php(201): mysqli->real_connect('localhost', 'root', Object(SensitiveParameterValue), 'ci4', 3306, '', 0)
#1 C:\Users\Harrold Gille\Downloads\codeigniter4-framework-v4.7.4-0-g67ead89\Code Igniter Project\Activity 2\system\Database\BaseConnection.php(555): CodeIgniter\Database\MySQLi\Connection->connect(false)
#2 C:\Users\Harrold Gille\Downloads\codeigniter4-framework-v4.7.4-0-g67ead89\Code Igniter Project\Activity 2\system\Database\BaseConnection.php(795): CodeIgniter\Database\BaseConnection->initialize()
#3 C:\Users\Harrold Gille\Downloads\codeigniter4-framework-v4.7.4-0-g67ead89\Code Igniter Project\Activity 2\system\Database\BaseBuilder.php(1659): CodeIgniter\Database\BaseConnection->query('SELECT *\nFROM `...', Array, false)
#4 C:\Users\Harrold Gille\Downloads\codeigniter4-framework-v4.7.4-0-g67ead89\Code Igniter Project\Activity 2\system\Model.php(255): CodeIgniter\Database\BaseBuilder->get()
#5 C:\Users\Harrold Gille\Downloads\codeigniter4-framework-v4.7.4-0-g67ead89\Code Igniter Project\Activity 2\system\BaseModel.php(676): CodeIgniter\Model->doFindAll(0, 0)
#6 C:\Users\Harrold Gille\Downloads\codeigniter4-framework-v4.7.4-0-g67ead89\Code Igniter Project\Activity 2\app\Controllers\Customers.php(13): CodeIgniter\BaseModel->findAll()
#7 C:\Users\Harrold Gille\Downloads\codeigniter4-framework-v4.7.4-0-g67ead89\Code Igniter Project\Activity 2\system\CodeIgniter.php(974): App\Controllers\Customers->index()
#8 C:\Users\Harrold Gille\Downloads\codeigniter4-framework-v4.7.4-0-g67ead89\Code Igniter Project\Activity 2\system\CodeIgniter.php(520): CodeIgniter\CodeIgniter->runController(Object(App\Controllers\Customers))
#9 C:\Users\Harrold Gille\Downloads\codeigniter4-framework-v4.7.4-0-g67ead89\Code Igniter Project\Activity 2\system\CodeIgniter.php(363): CodeIgniter\CodeIgniter->handleRequest(NULL, Object(Config\Cache), false)
#10 C:\Users\Harrold Gille\Downloads\codeigniter4-framework-v4.7.4-0-g67ead89\Code Igniter Project\Activity 2\system\Boot.php(417): CodeIgniter\CodeIgniter->run()
#11 C:\Users\Harrold Gille\Downloads\codeigniter4-framework-v4.7.4-0-g67ead89\Code Igniter Project\Activity 2\system\Boot.php(68): CodeIgniter\Boot::runCodeIgniter(Object(CodeIgniter\CodeIgniter))
#12 C:\Users\Harrold Gille\Downloads\codeigniter4-framework-v4.7.4-0-g67ead89\Code Igniter Project\Activity 2\public\index.php(59): CodeIgniter\Boot::bootWeb(Object(Config\Paths))
#13 C:\Users\Harrold Gille\Downloads\codeigniter4-framework-v4.7.4-0-g67ead89\Code Igniter Project\Activity 2\system\rewrite.php(44): require_once('C:\\Users\\Harrol...')
#14 {main}

Next CodeIgniter\Database\Exceptions\DatabaseException: Unknown database 'ci4' in C:\Users\Harrold Gille\Downloads\codeigniter4-framework-v4.7.4-0-g67ead89\Code Igniter Project\Activity 2\system\Database\MySQLi\Connection.php:231
Stack trace:
#0 C:\Users\Harrold Gille\Downloads\codeigniter4-framework-v4.7.4-0-g67ead89\Code Igniter Project\Activity 2\system\Database\BaseConnection.php(555): CodeIgniter\Database\MySQLi\Connection->connect(false)
#1 C:\Users\Harrold Gille\Downloads\codeigniter4-framework-v4.7.4-0-g67ead89\Code Igniter Project\Activity 2\system\Database\BaseConnection.php(795): CodeIgniter\Database\BaseConnection->initialize()
#2 C:\Users\Harrold Gille\Downloads\codeigniter4-framework-v4.7.4-0-g67ead89\Code Igniter Project\Activity 2\system\Database\BaseBuilder.php(1659): CodeIgniter\Database\BaseConnection->query('SELECT *\nFROM `...', Array, false)
#3 C:\Users\Harrold Gille\Downloads\codeigniter4-framework-v4.7.4-0-g67ead89\Code Igniter Project\Activity 2\system\Model.php(255): CodeIgniter\Database\BaseBuilder->get()
#4 C:\Users\Harrold Gille\Downloads\codeigniter4-framework-v4.7.4-0-g67ead89\Code Igniter Project\Activity 2\system\BaseModel.php(676): CodeIgniter\Model->doFindAll(0, 0)
#5 C:\Users\Harrold Gille\Downloads\codeigniter4-framework-v4.7.4-0-g67ead89\Code Igniter Project\Activity 2\app\Controllers\Customers.php(13): CodeIgniter\BaseModel->findAll()
#6 C:\Users\Harrold Gille\Downloads\codeigniter4-framework-v4.7.4-0-g67ead89\Code Igniter Project\Activity 2\system\CodeIgniter.php(974): App\Controllers\Customers->index()
#7 C:\Users\Harrold Gille\Downloads\codeigniter4-framework-v4.7.4-0-g67ead89\Code Igniter Project\Activity 2\system\CodeIgniter.php(520): CodeIgniter\CodeIgniter->runController(Object(App\Controllers\Customers))
#8 C:\Users\Harrold Gille\Downloads\codeigniter4-framework-v4.7.4-0-g67ead89\Code Igniter Project\Activity 2\system\CodeIgniter.php(363): CodeIgniter\CodeIgniter->handleRequest(NULL, Object(Config\Cache), false)
#9 C:\Users\Harrold Gille\Downloads\codeigniter4-framework-v4.7.4-0-g67ead89\Code Igniter Project\Activity 2\system\Boot.php(417): CodeIgniter\CodeIgniter->run()
#10 C:\Users\Harrold Gille\Downloads\codeigniter4-framework-v4.7.4-0-g67ead89\Code Igniter Project\Activity 2\system\Boot.php(68): CodeIgniter\Boot::runCodeIgniter(Object(CodeIgniter\CodeIgniter))
#11 C:\Users\Harrold Gille\Downloads\codeigniter4-framework-v4.7.4-0-g67ead89\Code Igniter Project\Activity 2\public\index.php(59): CodeIgniter\Boot::bootWeb(Object(Config\Paths))
#12 C:\Users\Harrold Gille\Downloads\codeigniter4-framework-v4.7.4-0-g67ead89\Code Igniter Project\Activity 2\system\rewrite.php(44): require_once('C:\\Users\\Harrol...')
#13 {main}
CRITICAL - 2026-09-14 11:05:11 --> CodeIgniter\Database\Exceptions\DatabaseException: Unable to connect to the database.
Main connection [MySQLi]: Unknown database 'ci4'
[Method: GET, Route: customers]
in SYSTEMPATH\Database\BaseConnection.php on line 606.
 1 SYSTEMPATH\Database\BaseConnection.php(795): CodeIgniter\Database\BaseConnection->initialize()
 2 SYSTEMPATH\Database\BaseBuilder.php(1659): CodeIgniter\Database\BaseConnection->query('SELECT *
FROM `customers`', [], false)
 3 SYSTEMPATH\Model.php(255): CodeIgniter\Database\BaseBuilder->get()
 4 SYSTEMPATH\BaseModel.php(676): CodeIgniter\Model->doFindAll(0, 0)
 5 APPPATH\Controllers\Customers.php(13): CodeIgniter\BaseModel->findAll()
 6 SYSTEMPATH\CodeIgniter.php(974): App\Controllers\Customers->index()
 7 SYSTEMPATH\CodeIgniter.php(520): CodeIgniter\CodeIgniter->runController(Object(App\Controllers\Customers))
 8 SYSTEMPATH\CodeIgniter.php(363): CodeIgniter\CodeIgniter->handleRequest(null, Object(Config\Cache), false)
 9 SYSTEMPATH\Boot.php(417): CodeIgniter\CodeIgniter->run()
10 SYSTEMPATH\Boot.php(68): CodeIgniter\Boot::runCodeIgniter(Object(CodeIgniter\CodeIgniter))
11 FCPATH\index.php(59): CodeIgniter\Boot::bootWeb(Object(Config\Paths))
12 SYSTEMPATH\rewrite.php(44): require_once('C:\\Users\\Harrold Gille\\Downloads\\codeigniter4-framework-v4.7.4-0-g67ead89\\Code Igniter Project\\Activity 2\\public\\index.php')
ERROR - 2026-09-14 11:05:12 --> Error connecting to the database: mysqli_sql_exception: Unknown database 'ci4' in C:\Users\Harrold Gille\Downloads\codeigniter4-framework-v4.7.4-0-g67ead89\Code Igniter Project\Activity 2\system\Database\MySQLi\Connection.php:201
Stack trace:
#0 C:\Users\Harrold Gille\Downloads\codeigniter4-framework-v4.7.4-0-g67ead89\Code Igniter Project\Activity 2\system\Database\MySQLi\Connection.php(201): mysqli->real_connect('localhost', 'root', Object(SensitiveParameterValue), 'ci4', 3306, '', 0)
#1 C:\Users\Harrold Gille\Downloads\codeigniter4-framework-v4.7.4-0-g67ead89\Code Igniter Project\Activity 2\system\Database\BaseConnection.php(555): CodeIgniter\Database\MySQLi\Connection->connect(false)
#2 C:\Users\Harrold Gille\Downloads\codeigniter4-framework-v4.7.4-0-g67ead89\Code Igniter Project\Activity 2\system\Database\BaseConnection.php(795): CodeIgniter\Database\BaseConnection->initialize()
#3 C:\Users\Harrold Gille\Downloads\codeigniter4-framework-v4.7.4-0-g67ead89\Code Igniter Project\Activity 2\system\Database\BaseBuilder.php(1659): CodeIgniter\Database\BaseConnection->query('SELECT *\nFROM `...', Array, false)
#4 C:\Users\Harrold Gille\Downloads\codeigniter4-framework-v4.7.4-0-g67ead89\Code Igniter Project\Activity 2\system\Model.php(255): CodeIgniter\Database\BaseBuilder->get()
#5 C:\Users\Harrold Gille\Downloads\codeigniter4-framework-v4.7.4-0-g67ead89\Code Igniter Project\Activity 2\system\BaseModel.php(676): CodeIgniter\Model->doFindAll(0, 0)
#6 C:\Users\Harrold Gille\Downloads\codeigniter4-framework-v4.7.4-0-g67ead89\Code Igniter Project\Activity 2\app\Controllers\Customers.php(13): CodeIgniter\BaseModel->findAll()
#7 C:\Users\Harrold Gille\Downloads\codeigniter4-framework-v4.7.4-0-g67ead89\Code Igniter Project\Activity 2\system\CodeIgniter.php(974): App\Controllers\Customers->index()
#8 C:\Users\Harrold Gille\Downloads\codeigniter4-framework-v4.7.4-0-g67ead89\Code Igniter Project\Activity 2\system\CodeIgniter.php(520): CodeIgniter\CodeIgniter->runController(Object(App\Controllers\Customers))
#9 C:\Users\Harrold Gille\Downloads\codeigniter4-framework-v4.7.4-0-g67ead89\Code Igniter Project\Activity 2\system\CodeIgniter.php(363): CodeIgniter\CodeIgniter->handleRequest(NULL, Object(Config\Cache), false)
#10 C:\Users\Harrold Gille\Downloads\codeigniter4-framework-v4.7.4-0-g67ead89\Code Igniter Project\Activity 2\system\Boot.php(417): CodeIgniter\CodeIgniter->run()
#11 C:\Users\Harrold Gille\Downloads\codeigniter4-framework-v4.7.4-0-g67ead89\Code Igniter Project\Activity 2\system\Boot.php(68): CodeIgniter\Boot::runCodeIgniter(Object(CodeIgniter\CodeIgniter))
#12 C:\Users\Harrold Gille\Downloads\codeigniter4-framework-v4.7.4-0-g67ead89\Code Igniter Project\Activity 2\public\index.php(59): CodeIgniter\Boot::bootWeb(Object(Config\Paths))
#13 C:\Users\Harrold Gille\Downloads\codeigniter4-framework-v4.7.4-0-g67ead89\Code Igniter Project\Activity 2\system\rewrite.php(44): require_once('C:\\Users\\Harrol...')
#14 {main}

Next CodeIgniter\Database\Exceptions\DatabaseException: Unknown database 'ci4' in C:\Users\Harrold Gille\Downloads\codeigniter4-framework-v4.7.4-0-g67ead89\Code Igniter Project\Activity 2\system\Database\MySQLi\Connection.php:231
Stack trace:
#0 C:\Users\Harrold Gille\Downloads\codeigniter4-framework-v4.7.4-0-g67ead89\Code Igniter Project\Activity 2\system\Database\BaseConnection.php(555): CodeIgniter\Database\MySQLi\Connection->connect(false)
#1 C:\Users\Harrold Gille\Downloads\codeigniter4-framework-v4.7.4-0-g67ead89\Code Igniter Project\Activity 2\system\Database\BaseConnection.php(795): CodeIgniter\Database\BaseConnection->initialize()
#2 C:\Users\Harrold Gille\Downloads\codeigniter4-framework-v4.7.4-0-g67ead89\Code Igniter Project\Activity 2\system\Database\BaseBuilder.php(1659): CodeIgniter\Database\BaseConnection->query('SELECT *\nFROM `...', Array, false)
#3 C:\Users\Harrold Gille\Downloads\codeigniter4-framework-v4.7.4-0-g67ead89\Code Igniter Project\Activity 2\system\Model.php(255): CodeIgniter\Database\BaseBuilder->get()
#4 C:\Users\Harrold Gille\Downloads\codeigniter4-framework-v4.7.4-0-g67ead89\Code Igniter Project\Activity 2\system\BaseModel.php(676): CodeIgniter\Model->doFindAll(0, 0)
#5 C:\Users\Harrold Gille\Downloads\codeigniter4-framework-v4.7.4-0-g67ead89\Code Igniter Project\Activity 2\app\Controllers\Customers.php(13): CodeIgniter\BaseModel->findAll()
#6 C:\Users\Harrold Gille\Downloads\codeigniter4-framework-v4.7.4-0-g67ead89\Code Igniter Project\Activity 2\system\CodeIgniter.php(974): App\Controllers\Customers->index()
#7 C:\Users\Harrold Gille\Downloads\codeigniter4-framework-v4.7.4-0-g67ead89\Code Igniter Project\Activity 2\system\CodeIgniter.php(520): CodeIgniter\CodeIgniter->runController(Object(App\Controllers\Customers))
#8 C:\Users\Harrold Gille\Downloads\codeigniter4-framework-v4.7.4-0-g67ead89\Code Igniter Project\Activity 2\system\CodeIgniter.php(363): CodeIgniter\CodeIgniter->handleRequest(NULL, Object(Config\Cache), false)
#9 C:\Users\Harrold Gille\Downloads\codeigniter4-framework-v4.7.4-0-g67ead89\Code Igniter Project\Activity 2\system\Boot.php(417): CodeIgniter\CodeIgniter->run()
#10 C:\Users\Harrold Gille\Downloads\codeigniter4-framework-v4.7.4-0-g67ead89\Code Igniter Project\Activity 2\system\Boot.php(68): CodeIgniter\Boot::runCodeIgniter(Object(CodeIgniter\CodeIgniter))
#11 C:\Users\Harrold Gille\Downloads\codeigniter4-framework-v4.7.4-0-g67ead89\Code Igniter Project\Activity 2\public\index.php(59): CodeIgniter\Boot::bootWeb(Object(Config\Paths))
#12 C:\Users\Harrold Gille\Downloads\codeigniter4-framework-v4.7.4-0-g67ead89\Code Igniter Project\Activity 2\system\rewrite.php(44): require_once('C:\\Users\\Harrol...')
#13 {main}
CRITICAL - 2026-09-14 11:05:12 --> CodeIgniter\Database\Exceptions\DatabaseException: Unable to connect to the database.
Main connection [MySQLi]: Unknown database 'ci4'
[Method: GET, Route: customers]
in SYSTEMPATH\Database\BaseConnection.php on line 606.
 1 SYSTEMPATH\Database\BaseConnection.php(795): CodeIgniter\Database\BaseConnection->initialize()
 2 SYSTEMPATH\Database\BaseBuilder.php(1659): CodeIgniter\Database\BaseConnection->query('SELECT *
FROM `customers`', [], false)
 3 SYSTEMPATH\Model.php(255): CodeIgniter\Database\BaseBuilder->get()
 4 SYSTEMPATH\BaseModel.php(676): CodeIgniter\Model->doFindAll(0, 0)
 5 APPPATH\Controllers\Customers.php(13): CodeIgniter\BaseModel->findAll()
 6 SYSTEMPATH\CodeIgniter.php(974): App\Controllers\Customers->index()
 7 SYSTEMPATH\CodeIgniter.php(520): CodeIgniter\CodeIgniter->runController(Object(App\Controllers\Customers))
 8 SYSTEMPATH\CodeIgniter.php(363): CodeIgniter\CodeIgniter->handleRequest(null, Object(Config\Cache), false)
 9 SYSTEMPATH\Boot.php(417): CodeIgniter\CodeIgniter->run()
10 SYSTEMPATH\Boot.php(68): CodeIgniter\Boot::runCodeIgniter(Object(CodeIgniter\CodeIgniter))
11 FCPATH\index.php(59): CodeIgniter\Boot::bootWeb(Object(Config\Paths))
12 SYSTEMPATH\rewrite.php(44): require_once('C:\\Users\\Harrold Gille\\Downloads\\codeigniter4-framework-v4.7.4-0-g67ead89\\Code Igniter Project\\Activity 2\\public\\index.php')
ERROR - 2026-09-14 11:05:12 --> Error connecting to the database: mysqli_sql_exception: Unknown database 'ci4' in C:\Users\Harrold Gille\Downloads\codeigniter4-framework-v4.7.4-0-g67ead89\Code Igniter Project\Activity 2\system\Database\MySQLi\Connection.php:201
Stack trace:
#0 C:\Users\Harrold Gille\Downloads\codeigniter4-framework-v4.7.4-0-g67ead89\Code Igniter Project\Activity 2\system\Database\MySQLi\Connection.php(201): mysqli->real_connect('localhost', 'root', Object(SensitiveParameterValue), 'ci4', 3306, '', 0)
#1 C:\Users\Harrold Gille\Downloads\codeigniter4-framework-v4.7.4-0-g67ead89\Code Igniter Project\Activity 2\system\Database\BaseConnection.php(555): CodeIgniter\Database\MySQLi\Connection->connect(false)
#2 C:\Users\Harrold Gille\Downloads\codeigniter4-framework-v4.7.4-0-g67ead89\Code Igniter Project\Activity 2\system\Database\BaseConnection.php(795): CodeIgniter\Database\BaseConnection->initialize()
#3 C:\Users\Harrold Gille\Downloads\codeigniter4-framework-v4.7.4-0-g67ead89\Code Igniter Project\Activity 2\system\Database\BaseBuilder.php(1659): CodeIgniter\Database\BaseConnection->query('SELECT *\nFROM `...', Array, false)
#4 C:\Users\Harrold Gille\Downloads\codeigniter4-framework-v4.7.4-0-g67ead89\Code Igniter Project\Activity 2\system\Model.php(255): CodeIgniter\Database\BaseBuilder->get()
#5 C:\Users\Harrold Gille\Downloads\codeigniter4-framework-v4.7.4-0-g67ead89\Code Igniter Project\Activity 2\system\BaseModel.php(676): CodeIgniter\Model->doFindAll(0, 0)
#6 C:\Users\Harrold Gille\Downloads\codeigniter4-framework-v4.7.4-0-g67ead89\Code Igniter Project\Activity 2\app\Controllers\Customers.php(13): CodeIgniter\BaseModel->findAll()
#7 C:\Users\Harrold Gille\Downloads\codeigniter4-framework-v4.7.4-0-g67ead89\Code Igniter Project\Activity 2\system\CodeIgniter.php(974): App\Controllers\Customers->index()
#8 C:\Users\Harrold Gille\Downloads\codeigniter4-framework-v4.7.4-0-g67ead89\Code Igniter Project\Activity 2\system\CodeIgniter.php(520): CodeIgniter\CodeIgniter->runController(Object(App\Controllers\Customers))
#9 C:\Users\Harrold Gille\Downloads\codeigniter4-framework-v4.7.4-0-g67ead89\Code Igniter Project\Activity 2\system\CodeIgniter.php(363): CodeIgniter\CodeIgniter->handleRequest(NULL, Object(Config\Cache), false)
#10 C:\Users\Harrold Gille\Downloads\codeigniter4-framework-v4.7.4-0-g67ead89\Code Igniter Project\Activity 2\system\Boot.php(417): CodeIgniter\CodeIgniter->run()
#11 C:\Users\Harrold Gille\Downloads\codeigniter4-framework-v4.7.4-0-g67ead89\Code Igniter Project\Activity 2\system\Boot.php(68): CodeIgniter\Boot::runCodeIgniter(Object(CodeIgniter\CodeIgniter))
#12 C:\Users\Harrold Gille\Downloads\codeigniter4-framework-v4.7.4-0-g67ead89\Code Igniter Project\Activity 2\public\index.php(59): CodeIgniter\Boot::bootWeb(Object(Config\Paths))
#13 C:\Users\Harrold Gille\Downloads\codeigniter4-framework-v4.7.4-0-g67ead89\Code Igniter Project\Activity 2\system\rewrite.php(44): require_once('C:\\Users\\Harrol...')
#14 {main}

Next CodeIgniter\Database\Exceptions\DatabaseException: Unknown database 'ci4' in C:\Users\Harrold Gille\Downloads\codeigniter4-framework-v4.7.4-0-g67ead89\Code Igniter Project\Activity 2\system\Database\MySQLi\Connection.php:231
Stack trace:
#0 C:\Users\Harrold Gille\Downloads\codeigniter4-framework-v4.7.4-0-g67ead89\Code Igniter Project\Activity 2\system\Database\BaseConnection.php(555): CodeIgniter\Database\MySQLi\Connection->connect(false)
#1 C:\Users\Harrold Gille\Downloads\codeigniter4-framework-v4.7.4-0-g67ead89\Code Igniter Project\Activity 2\system\Database\BaseConnection.php(795): CodeIgniter\Database\BaseConnection->initialize()
#2 C:\Users\Harrold Gille\Downloads\codeigniter4-framework-v4.7.4-0-g67ead89\Code Igniter Project\Activity 2\system\Database\BaseBuilder.php(1659): CodeIgniter\Database\BaseConnection->query('SELECT *\nFROM `...', Array, false)
#3 C:\Users\Harrold Gille\Downloads\codeigniter4-framework-v4.7.4-0-g67ead89\Code Igniter Project\Activity 2\system\Model.php(255): CodeIgniter\Database\BaseBuilder->get()
#4 C:\Users\Harrold Gille\Downloads\codeigniter4-framework-v4.7.4-0-g67ead89\Code Igniter Project\Activity 2\system\BaseModel.php(676): CodeIgniter\Model->doFindAll(0, 0)
#5 C:\Users\Harrold Gille\Downloads\codeigniter4-framework-v4.7.4-0-g67ead89\Code Igniter Project\Activity 2\app\Controllers\Customers.php(13): CodeIgniter\BaseModel->findAll()
#6 C:\Users\Harrold Gille\Downloads\codeigniter4-framework-v4.7.4-0-g67ead89\Code Igniter Project\Activity 2\system\CodeIgniter.php(974): App\Controllers\Customers->index()
#7 C:\Users\Harrold Gille\Downloads\codeigniter4-framework-v4.7.4-0-g67ead89\Code Igniter Project\Activity 2\system\CodeIgniter.php(520): CodeIgniter\CodeIgniter->runController(Object(App\Controllers\Customers))
#8 C:\Users\Harrold Gille\Downloads\codeigniter4-framework-v4.7.4-0-g67ead89\Code Igniter Project\Activity 2\system\CodeIgniter.php(363): CodeIgniter\CodeIgniter->handleRequest(NULL, Object(Config\Cache), false)
#9 C:\Users\Harrold Gille\Downloads\codeigniter4-framework-v4.7.4-0-g67ead89\Code Igniter Project\Activity 2\system\Boot.php(417): CodeIgniter\CodeIgniter->run()
#10 C:\Users\Harrold Gille\Downloads\codeigniter4-framework-v4.7.4-0-g67ead89\Code Igniter Project\Activity 2\system\Boot.php(68): CodeIgniter\Boot::runCodeIgniter(Object(CodeIgniter\CodeIgniter))
#11 C:\Users\Harrold Gille\Downloads\codeigniter4-framework-v4.7.4-0-g67ead89\Code Igniter Project\Activity 2\public\index.php(59): CodeIgniter\Boot::bootWeb(Object(Config\Paths))
#12 C:\Users\Harrold Gille\Downloads\codeigniter4-framework-v4.7.4-0-g67ead89\Code Igniter Project\Activity 2\system\rewrite.php(44): require_once('C:\\Users\\Harrol...')
#13 {main}
CRITICAL - 2026-09-14 11:05:12 --> CodeIgniter\Database\Exceptions\DatabaseException: Unable to connect to the database.
Main connection [MySQLi]: Unknown database 'ci4'
[Method: GET, Route: customers]
in SYSTEMPATH\Database\BaseConnection.php on line 606.
 1 SYSTEMPATH\Database\BaseConnection.php(795): CodeIgniter\Database\BaseConnection->initialize()
 2 SYSTEMPATH\Database\BaseBuilder.php(1659): CodeIgniter\Database\BaseConnection->query('SELECT *
FROM `customers`', [], false)
 3 SYSTEMPATH\Model.php(255): CodeIgniter\Database\BaseBuilder->get()
 4 SYSTEMPATH\BaseModel.php(676): CodeIgniter\Model->doFindAll(0, 0)
 5 APPPATH\Controllers\Customers.php(13): CodeIgniter\BaseModel->findAll()
 6 SYSTEMPATH\CodeIgniter.php(974): App\Controllers\Customers->index()
 7 SYSTEMPATH\CodeIgniter.php(520): CodeIgniter\CodeIgniter->runController(Object(App\Controllers\Customers))
 8 SYSTEMPATH\CodeIgniter.php(363): CodeIgniter\CodeIgniter->handleRequest(null, Object(Config\Cache), false)
 9 SYSTEMPATH\Boot.php(417): CodeIgniter\CodeIgniter->run()
10 SYSTEMPATH\Boot.php(68): CodeIgniter\Boot::runCodeIgniter(Object(CodeIgniter\CodeIgniter))
11 FCPATH\index.php(59): CodeIgniter\Boot::bootWeb(Object(Config\Paths))
12 SYSTEMPATH\rewrite.php(44): require_once('C:\\Users\\Harrold Gille\\Downloads\\codeigniter4-framework-v4.7.4-0-g67ead89\\Code Igniter Project\\Activity 2\\public\\index.php')
ERROR - 2026-09-14 11:05:20 --> Error connecting to the database: mysqli_sql_exception: Unknown database 'ci4' in C:\Users\Harrold Gille\Downloads\codeigniter4-framework-v4.7.4-0-g67ead89\Code Igniter Project\Activity 2\system\Database\MySQLi\Connection.php:201
Stack trace:
#0 C:\Users\Harrold Gille\Downloads\codeigniter4-framework-v4.7.4-0-g67ead89\Code Igniter Project\Activity 2\system\Database\MySQLi\Connection.php(201): mysqli->real_connect('localhost', 'root', Object(SensitiveParameterValue), 'ci4', 3306, '', 0)
#1 C:\Users\Harrold Gille\Downloads\codeigniter4-framework-v4.7.4-0-g67ead89\Code Igniter Project\Activity 2\system\Database\BaseConnection.php(555): CodeIgniter\Database\MySQLi\Connection->connect(false)
#2 C:\Users\Harrold Gille\Downloads\codeigniter4-framework-v4.7.4-0-g67ead89\Code Igniter Project\Activity 2\system\Database\BaseConnection.php(795): CodeIgniter\Database\BaseConnection->initialize()
#3 C:\Users\Harrold Gille\Downloads\codeigniter4-framework-v4.7.4-0-g67ead89\Code Igniter Project\Activity 2\system\Database\BaseBuilder.php(1659): CodeIgniter\Database\BaseConnection->query('SELECT *\nFROM `...', Array, false)
#4 C:\Users\Harrold Gille\Downloads\codeigniter4-framework-v4.7.4-0-g67ead89\Code Igniter Project\Activity 2\system\Model.php(255): CodeIgniter\Database\BaseBuilder->get()
#5 C:\Users\Harrold Gille\Downloads\codeigniter4-framework-v4.7.4-0-g67ead89\Code Igniter Project\Activity 2\system\BaseModel.php(676): CodeIgniter\Model->doFindAll(0, 0)
#6 C:\Users\Harrold Gille\Downloads\codeigniter4-framework-v4.7.4-0-g67ead89\Code Igniter Project\Activity 2\app\Controllers\Users.php(13): CodeIgniter\BaseModel->findAll()
#7 C:\Users\Harrold Gille\Downloads\codeigniter4-framework-v4.7.4-0-g67ead89\Code Igniter Project\Activity 2\system\CodeIgniter.php(974): App\Controllers\Users->index()
#8 C:\Users\Harrold Gille\Downloads\codeigniter4-framework-v4.7.4-0-g67ead89\Code Igniter Project\Activity 2\system\CodeIgniter.php(520): CodeIgniter\CodeIgniter->runController(Object(App\Controllers\Users))
#9 C:\Users\Harrold Gille\Downloads\codeigniter4-framework-v4.7.4-0-g67ead89\Code Igniter Project\Activity 2\system\CodeIgniter.php(363): CodeIgniter\CodeIgniter->handleRequest(NULL, Object(Config\Cache), false)
#10 C:\Users\Harrold Gille\Downloads\codeigniter4-framework-v4.7.4-0-g67ead89\Code Igniter Project\Activity 2\system\Boot.php(417): CodeIgniter\CodeIgniter->run()
#11 C:\Users\Harrold Gille\Downloads\codeigniter4-framework-v4.7.4-0-g67ead89\Code Igniter Project\Activity 2\system\Boot.php(68): CodeIgniter\Boot::runCodeIgniter(Object(CodeIgniter\CodeIgniter))
#12 C:\Users\Harrold Gille\Downloads\codeigniter4-framework-v4.7.4-0-g67ead89\Code Igniter Project\Activity 2\public\index.php(59): CodeIgniter\Boot::bootWeb(Object(Config\Paths))
#13 C:\Users\Harrold Gille\Downloads\codeigniter4-framework-v4.7.4-0-g67ead89\Code Igniter Project\Activity 2\system\rewrite.php(44): require_once('C:\\Users\\Harrol...')
#14 {main}

Next CodeIgniter\Database\Exceptions\DatabaseException: Unknown database 'ci4' in C:\Users\Harrold Gille\Downloads\codeigniter4-framework-v4.7.4-0-g67ead89\Code Igniter Project\Activity 2\system\Database\MySQLi\Connection.php:231
Stack trace:
#0 C:\Users\Harrold Gille\Downloads\codeigniter4-framework-v4.7.4-0-g67ead89\Code Igniter Project\Activity 2\system\Database\BaseConnection.php(555): CodeIgniter\Database\MySQLi\Connection->connect(false)
#1 C:\Users\Harrold Gille\Downloads\codeigniter4-framework-v4.7.4-0-g67ead89\Code Igniter Project\Activity 2\system\Database\BaseConnection.php(795): CodeIgniter\Database\BaseConnection->initialize()
#2 C:\Users\Harrold Gille\Downloads\codeigniter4-framework-v4.7.4-0-g67ead89\Code Igniter Project\Activity 2\system\Database\BaseBuilder.php(1659): CodeIgniter\Database\BaseConnection->query('SELECT *\nFROM `...', Array, false)
#3 C:\Users\Harrold Gille\Downloads\codeigniter4-framework-v4.7.4-0-g67ead89\Code Igniter Project\Activity 2\system\Model.php(255): CodeIgniter\Database\BaseBuilder->get()
#4 C:\Users\Harrold Gille\Downloads\codeigniter4-framework-v4.7.4-0-g67ead89\Code Igniter Project\Activity 2\system\BaseModel.php(676): CodeIgniter\Model->doFindAll(0, 0)
#5 C:\Users\Harrold Gille\Downloads\codeigniter4-framework-v4.7.4-0-g67ead89\Code Igniter Project\Activity 2\app\Controllers\Users.php(13): CodeIgniter\BaseModel->findAll()
#6 C:\Users\Harrold Gille\Downloads\codeigniter4-framework-v4.7.4-0-g67ead89\Code Igniter Project\Activity 2\system\CodeIgniter.php(974): App\Controllers\Users->index()
#7 C:\Users\Harrold Gille\Downloads\codeigniter4-framework-v4.7.4-0-g67ead89\Code Igniter Project\Activity 2\system\CodeIgniter.php(520): CodeIgniter\CodeIgniter->runController(Object(App\Controllers\Users))
#8 C:\Users\Harrold Gille\Downloads\codeigniter4-framework-v4.7.4-0-g67ead89\Code Igniter Project\Activity 2\system\CodeIgniter.php(363): CodeIgniter\CodeIgniter->handleRequest(NULL, Object(Config\Cache), false)
#9 C:\Users\Harrold Gille\Downloads\codeigniter4-framework-v4.7.4-0-g67ead89\Code Igniter Project\Activity 2\system\Boot.php(417): CodeIgniter\CodeIgniter->run()
#10 C:\Users\Harrold Gille\Downloads\codeigniter4-framework-v4.7.4-0-g67ead89\Code Igniter Project\Activity 2\system\Boot.php(68): CodeIgniter\Boot::runCodeIgniter(Object(CodeIgniter\CodeIgniter))
#11 C:\Users\Harrold Gille\Downloads\codeigniter4-framework-v4.7.4-0-g67ead89\Code Igniter Project\Activity 2\public\index.php(59): CodeIgniter\Boot::bootWeb(Object(Config\Paths))
#12 C:\Users\Harrold Gille\Downloads\codeigniter4-framework-v4.7.4-0-g67ead89\Code Igniter Project\Activity 2\system\rewrite.php(44): require_once('C:\\Users\\Harrol...')
#13 {main}
CRITICAL - 2026-09-14 11:05:20 --> CodeIgniter\Database\Exceptions\DatabaseException: Unable to connect to the database.
Main connection [MySQLi]: Unknown database 'ci4'
[Method: GET, Route: users]
in SYSTEMPATH\Database\BaseConnection.php on line 606.
 1 SYSTEMPATH\Database\BaseConnection.php(795): CodeIgniter\Database\BaseConnection->initialize()
 2 SYSTEMPATH\Database\BaseBuilder.php(1659): CodeIgniter\Database\BaseConnection->query('SELECT *
FROM `users`', [], false)
 3 SYSTEMPATH\Model.php(255): CodeIgniter\Database\BaseBuilder->get()
 4 SYSTEMPATH\BaseModel.php(676): CodeIgniter\Model->doFindAll(0, 0)
 5 APPPATH\Controllers\Users.php(13): CodeIgniter\BaseModel->findAll()
 6 SYSTEMPATH\CodeIgniter.php(974): App\Controllers\Users->index()
 7 SYSTEMPATH\CodeIgniter.php(520): CodeIgniter\CodeIgniter->runController(Object(App\Controllers\Users))
 8 SYSTEMPATH\CodeIgniter.php(363): CodeIgniter\CodeIgniter->handleRequest(null, Object(Config\Cache), false)
 9 SYSTEMPATH\Boot.php(417): CodeIgniter\CodeIgniter->run()
10 SYSTEMPATH\Boot.php(68): CodeIgniter\Boot::runCodeIgniter(Object(CodeIgniter\CodeIgniter))
11 FCPATH\index.php(59): CodeIgniter\Boot::bootWeb(Object(Config\Paths))
12 SYSTEMPATH\rewrite.php(44): require_once('C:\\Users\\Harrold Gille\\Downloads\\codeigniter4-framework-v4.7.4-0-g67ead89\\Code Igniter Project\\Activity 2\\public\\index.php')
ERROR - 2026-09-14 11:05:22 --> Error connecting to the database: mysqli_sql_exception: Unknown database 'ci4' in C:\Users\Harrold Gille\Downloads\codeigniter4-framework-v4.7.4-0-g67ead89\Code Igniter Project\Activity 2\system\Database\MySQLi\Connection.php:201
Stack trace:
#0 C:\Users\Harrold Gille\Downloads\codeigniter4-framework-v4.7.4-0-g67ead89\Code Igniter Project\Activity 2\system\Database\MySQLi\Connection.php(201): mysqli->real_connect('localhost', 'root', Object(SensitiveParameterValue), 'ci4', 3306, '', 0)
#1 C:\Users\Harrold Gille\Downloads\codeigniter4-framework-v4.7.4-0-g67ead89\Code Igniter Project\Activity 2\system\Database\BaseConnection.php(555): CodeIgniter\Database\MySQLi\Connection->connect(false)
#2 C:\Users\Harrold Gille\Downloads\codeigniter4-framework-v4.7.4-0-g67ead89\Code Igniter Project\Activity 2\system\Database\BaseConnection.php(795): CodeIgniter\Database\BaseConnection->initialize()
#3 C:\Users\Harrold Gille\Downloads\codeigniter4-framework-v4.7.4-0-g67ead89\Code Igniter Project\Activity 2\system\Database\BaseBuilder.php(1659): CodeIgniter\Database\BaseConnection->query('SELECT *\nFROM `...', Array, false)
#4 C:\Users\Harrold Gille\Downloads\codeigniter4-framework-v4.7.4-0-g67ead89\Code Igniter Project\Activity 2\system\Model.php(255): CodeIgniter\Database\BaseBuilder->get()
#5 C:\Users\Harrold Gille\Downloads\codeigniter4-framework-v4.7.4-0-g67ead89\Code Igniter Project\Activity 2\system\BaseModel.php(676): CodeIgniter\Model->doFindAll(0, 0)
#6 C:\Users\Harrold Gille\Downloads\codeigniter4-framework-v4.7.4-0-g67ead89\Code Igniter Project\Activity 2\app\Controllers\Customers.php(13): CodeIgniter\BaseModel->findAll()
#7 C:\Users\Harrold Gille\Downloads\codeigniter4-framework-v4.7.4-0-g67ead89\Code Igniter Project\Activity 2\system\CodeIgniter.php(974): App\Controllers\Customers->index()
#8 C:\Users\Harrold Gille\Downloads\codeigniter4-framework-v4.7.4-0-g67ead89\Code Igniter Project\Activity 2\system\CodeIgniter.php(520): CodeIgniter\CodeIgniter->runController(Object(App\Controllers\Customers))
#9 C:\Users\Harrold Gille\Downloads\codeigniter4-framework-v4.7.4-0-g67ead89\Code Igniter Project\Activity 2\system\CodeIgniter.php(363): CodeIgniter\CodeIgniter->handleRequest(NULL, Object(Config\Cache), false)
#10 C:\Users\Harrold Gille\Downloads\codeigniter4-framework-v4.7.4-0-g67ead89\Code Igniter Project\Activity 2\system\Boot.php(417): CodeIgniter\CodeIgniter->run()
#11 C:\Users\Harrold Gille\Downloads\codeigniter4-framework-v4.7.4-0-g67ead89\Code Igniter Project\Activity 2\system\Boot.php(68): CodeIgniter\Boot::runCodeIgniter(Object(CodeIgniter\CodeIgniter))
#12 C:\Users\Harrold Gille\Downloads\codeigniter4-framework-v4.7.4-0-g67ead89\Code Igniter Project\Activity 2\public\index.php(59): CodeIgniter\Boot::bootWeb(Object(Config\Paths))
#13 C:\Users\Harrold Gille\Downloads\codeigniter4-framework-v4.7.4-0-g67ead89\Code Igniter Project\Activity 2\system\rewrite.php(44): require_once('C:\\Users\\Harrol...')
#14 {main}

Next CodeIgniter\Database\Exceptions\DatabaseException: Unknown database 'ci4' in C:\Users\Harrold Gille\Downloads\codeigniter4-framework-v4.7.4-0-g67ead89\Code Igniter Project\Activity 2\system\Database\MySQLi\Connection.php:231
Stack trace:
#0 C:\Users\Harrold Gille\Downloads\codeigniter4-framework-v4.7.4-0-g67ead89\Code Igniter Project\Activity 2\system\Database\BaseConnection.php(555): CodeIgniter\Database\MySQLi\Connection->connect(false)
#1 C:\Users\Harrold Gille\Downloads\codeigniter4-framework-v4.7.4-0-g67ead89\Code Igniter Project\Activity 2\system\Database\BaseConnection.php(795): CodeIgniter\Database\BaseConnection->initialize()
#2 C:\Users\Harrold Gille\Downloads\codeigniter4-framework-v4.7.4-0-g67ead89\Code Igniter Project\Activity 2\system\Database\BaseBuilder.php(1659): CodeIgniter\Database\BaseConnection->query('SELECT *\nFROM `...', Array, false)
#3 C:\Users\Harrold Gille\Downloads\codeigniter4-framework-v4.7.4-0-g67ead89\Code Igniter Project\Activity 2\system\Model.php(255): CodeIgniter\Database\BaseBuilder->get()
#4 C:\Users\Harrold Gille\Downloads\codeigniter4-framework-v4.7.4-0-g67ead89\Code Igniter Project\Activity 2\system\BaseModel.php(676): CodeIgniter\Model->doFindAll(0, 0)
#5 C:\Users\Harrold Gille\Downloads\codeigniter4-framework-v4.7.4-0-g67ead89\Code Igniter Project\Activity 2\app\Controllers\Customers.php(13): CodeIgniter\BaseModel->findAll()
#6 C:\Users\Harrold Gille\Downloads\codeigniter4-framework-v4.7.4-0-g67ead89\Code Igniter Project\Activity 2\system\CodeIgniter.php(974): App\Controllers\Customers->index()
#7 C:\Users\Harrold Gille\Downloads\codeigniter4-framework-v4.7.4-0-g67ead89\Code Igniter Project\Activity 2\system\CodeIgniter.php(520): CodeIgniter\CodeIgniter->runController(Object(App\Controllers\Customers))
#8 C:\Users\Harrold Gille\Downloads\codeigniter4-framework-v4.7.4-0-g67ead89\Code Igniter Project\Activity 2\system\CodeIgniter.php(363): CodeIgniter\CodeIgniter->handleRequest(NULL, Object(Config\Cache), false)
#9 C:\Users\Harrold Gille\Downloads\codeigniter4-framework-v4.7.4-0-g67ead89\Code Igniter Project\Activity 2\system\Boot.php(417): CodeIgniter\CodeIgniter->run()
#10 C:\Users\Harrold Gille\Downloads\codeigniter4-framework-v4.7.4-0-g67ead89\Code Igniter Project\Activity 2\system\Boot.php(68): CodeIgniter\Boot::runCodeIgniter(Object(CodeIgniter\CodeIgniter))
#11 C:\Users\Harrold Gille\Downloads\codeigniter4-framework-v4.7.4-0-g67ead89\Code Igniter Project\Activity 2\public\index.php(59): CodeIgniter\Boot::bootWeb(Object(Config\Paths))
#12 C:\Users\Harrold Gille\Downloads\codeigniter4-framework-v4.7.4-0-g67ead89\Code Igniter Project\Activity 2\system\rewrite.php(44): require_once('C:\\Users\\Harrol...')
#13 {main}
CRITICAL - 2026-09-14 11:05:22 --> CodeIgniter\Database\Exceptions\DatabaseException: Unable to connect to the database.
Main connection [MySQLi]: Unknown database 'ci4'
[Method: GET, Route: customers]
in SYSTEMPATH\Database\BaseConnection.php on line 606.
 1 SYSTEMPATH\Database\BaseConnection.php(795): CodeIgniter\Database\BaseConnection->initialize()
 2 SYSTEMPATH\Database\BaseBuilder.php(1659): CodeIgniter\Database\BaseConnection->query('SELECT *
FROM `customers`', [], false)
 3 SYSTEMPATH\Model.php(255): CodeIgniter\Database\BaseBuilder->get()
 4 SYSTEMPATH\BaseModel.php(676): CodeIgniter\Model->doFindAll(0, 0)
 5 APPPATH\Controllers\Customers.php(13): CodeIgniter\BaseModel->findAll()
 6 SYSTEMPATH\CodeIgniter.php(974): App\Controllers\Customers->index()
 7 SYSTEMPATH\CodeIgniter.php(520): CodeIgniter\CodeIgniter->runController(Object(App\Controllers\Customers))
 8 SYSTEMPATH\CodeIgniter.php(363): CodeIgniter\CodeIgniter->handleRequest(null, Object(Config\Cache), false)
 9 SYSTEMPATH\Boot.php(417): CodeIgniter\CodeIgniter->run()
10 SYSTEMPATH\Boot.php(68): CodeIgniter\Boot::runCodeIgniter(Object(CodeIgniter\CodeIgniter))
11 FCPATH\index.php(59): CodeIgniter\Boot::bootWeb(Object(Config\Paths))
12 SYSTEMPATH\rewrite.php(44): require_once('C:\\Users\\Harrold Gille\\Downloads\\codeigniter4-framework-v4.7.4-0-g67ead89\\Code Igniter Project\\Activity 2\\public\\index.php')
